<?xml version="1.0" encoding="UTF-8"?>
<metadata xml:lang="id"><Esri><CreaDate>20251022</CreaDate><CreaTime>11250300</CreaTime><ArcGISFormat>1.0</ArcGISFormat><SyncOnce>FALSE</SyncOnce><DataProperties><itemProps><itemName Sync="TRUE">ksbmerger</itemName><imsContentType Sync="TRUE">002</imsContentType><itemSize Sync="TRUE">0.000</itemSize><itemLocation><linkage Sync="TRUE">file://\\LAPTOP-VP99HLO9\D$\KERJAKAKANWIL\UNDUH KSB\KABUPATEN KSB MERGER\ksbmerger.shp</linkage><protocol Sync="TRUE">Local Area Network</protocol></itemLocation></itemProps><coordRef><type Sync="TRUE">Geographic</type><geogcsn Sync="TRUE">GCS_WGS_1984</geogcsn><csUnits Sync="TRUE">Angular Unit: Degree (0.017453)</csUnits><peXml Sync="TRUE">&lt;GeographicCoordinateSystem xsi:type='typens:GeographicCoordinateSystem' xmlns:xsi='http://www.w3.org/2001/XMLSchema-instance' xmlns:xs='http://www.w3.org/2001/XMLSchema' xmlns:typens='http://www.esri.com/schemas/ArcGIS/10.7'&gt;&lt;WKT&gt;GEOGCS[&amp;quot;GCS_WGS_1984&amp;quot;,DATUM[&amp;quot;D_WGS_1984&amp;quot;,SPHEROID[&amp;quot;WGS_1984&amp;quot;,6378137.0,298.257223563]],PRIMEM[&amp;quot;Greenwich&amp;quot;,0.0],UNIT[&amp;quot;Degree&amp;quot;,0.0174532925199433],AUTHORITY[&amp;quot;EPSG&amp;quot;,4326]]&lt;/WKT&gt;&lt;XOrigin&gt;-400&lt;/XOrigin&gt;&lt;YOrigin&gt;-400&lt;/YOrigin&gt;&lt;XYScale&gt;11258999068426.238&lt;/XYScale&gt;&lt;ZOrigin&gt;-100000&lt;/ZOrigin&gt;&lt;ZScale&gt;10000&lt;/ZScale&gt;&lt;MOrigin&gt;-100000&lt;/MOrigin&gt;&lt;MScale&gt;10000&lt;/MScale&gt;&lt;XYTolerance&gt;8.983152841195215e-09&lt;/XYTolerance&gt;&lt;ZTolerance&gt;0.001&lt;/ZTolerance&gt;&lt;MTolerance&gt;0.001&lt;/MTolerance&gt;&lt;HighPrecision&gt;true&lt;/HighPrecision&gt;&lt;LeftLongitude&gt;-180&lt;/LeftLongitude&gt;&lt;WKID&gt;4326&lt;/WKID&gt;&lt;LatestWKID&gt;4326&lt;/LatestWKID&gt;&lt;/GeographicCoordinateSystem&gt;</peXml></coordRef><lineage><Process ToolSource="c:\program files (x86)\arcgis\desktop10.8\ArcToolbox\Toolboxes\Data Management Tools.tbx\Merge" Date="20251022" Time="112343">Merge BrangEne;BrangRea;Jereweh;Maluk;'Poto Tano';Sekongkang;Seteluk;Taliwang "D:\KERJAKAKANWIL\UNDUH KSB\KABUPATEN KSB MERGER\ksbmerger.shp" "ID "ID" true true false 254 Text 0 0 ,First,#,BrangEne,ID,-1,-1,BrangRea,ID,-1,-1,Jereweh,ID,-1,-1,Maluk,ID,-1,-1,Poto Tano,ID,-1,-1,Sekongkang,ID,-1,-1,Seteluk,ID,-1,-1,Taliwang,ID,-1,-1;KODEWILAYA "KODEWILAYA" true true false 254 Text 0 0 ,First,#,BrangEne,KODEWILAYA,-1,-1,BrangRea,KODEWILAYA,-1,-1,Jereweh,KODEWILAYA,-1,-1,Maluk,KODEWILAYA,-1,-1,Poto Tano,KODEWILAYA,-1,-1,Sekongkang,KODEWILAYA,-1,-1,Seteluk,KODEWILAYA,-1,-1,Taliwang,KODEWILAYA,-1,-1;KECAMATAN "KECAMATAN" true true false 254 Text 0 0 ,First,#,BrangEne,KECAMATAN,-1,-1,BrangRea,KECAMATAN,-1,-1,Jereweh,KECAMATAN,-1,-1,Maluk,KECAMATAN,-1,-1,Poto Tano,KECAMATAN,-1,-1,Sekongkang,KECAMATAN,-1,-1,Seteluk,KECAMATAN,-1,-1,Taliwang,KECAMATAN,-1,-1;KELURAHAN "KELURAHAN" true true false 254 Text 0 0 ,First,#,BrangEne,KELURAHAN,-1,-1,BrangRea,KELURAHAN,-1,-1,Jereweh,KELURAHAN,-1,-1,Maluk,KELURAHAN,-1,-1,Poto Tano,KELURAHAN,-1,-1,Sekongkang,KELURAHAN,-1,-1,Seteluk,KELURAHAN,-1,-1,Taliwang,KELURAHAN,-1,-1;TIPEHAK "TIPEHAK" true true false 254 Text 0 0 ,First,#,BrangEne,TIPEHAK,-1,-1,BrangRea,TIPEHAK,-1,-1,Jereweh,TIPEHAK,-1,-1,Maluk,TIPEHAK,-1,-1,Poto Tano,TIPEHAK,-1,-1,Sekongkang,TIPEHAK,-1,-1,Seteluk,TIPEHAK,-1,-1,Taliwang,TIPEHAK,-1,-1;TIPEPRODUK "TIPEPRODUK" true true false 254 Text 0 0 ,First,#,BrangEne,TIPEPRODUK,-1,-1,BrangRea,TIPEPRODUK,-1,-1,Jereweh,TIPEPRODUK,-1,-1,Maluk,TIPEPRODUK,-1,-1,Poto Tano,TIPEPRODUK,-1,-1,Sekongkang,TIPEPRODUK,-1,-1,Seteluk,TIPEPRODUK,-1,-1,Taliwang,TIPEPRODUK,-1,-1;TAHUN "TAHUN" true true false 33 Double 15 32 ,First,#,BrangEne,TAHUN,-1,-1,BrangRea,TAHUN,-1,-1,Jereweh,TAHUN,-1,-1,Maluk,TAHUN,-1,-1,Poto Tano,TAHUN,-1,-1,Sekongkang,TAHUN,-1,-1,Seteluk,TAHUN,-1,-1,Taliwang,TAHUN,-1,-1;NIB "NIB" true true false 254 Text 0 0 ,First,#,BrangEne,NIB,-1,-1,BrangRea,NIB,-1,-1,Jereweh,NIB,-1,-1,Maluk,NIB,-1,-1,Poto Tano,NIB,-1,-1,Sekongkang,NIB,-1,-1,Seteluk,NIB,-1,-1,Taliwang,NIB,-1,-1;LUASTERTUL "LUASTERTUL" true true false 33 Double 15 32 ,First,#,BrangEne,LUASTERTUL,-1,-1,BrangRea,LUASTERTUL,-1,-1,Jereweh,LUASTERTUL,-1,-1,Maluk,LUASTERTUL,-1,-1,Poto Tano,LUASTERTUL,-1,-1,Sekongkang,LUASTERTUL,-1,-1,Seteluk,LUASTERTUL,-1,-1,Taliwang,LUASTERTUL,-1,-1;LUASPETA "LUASPETA" true true false 33 Double 15 32 ,First,#,BrangEne,LUASPETA,-1,-1,BrangRea,LUASPETA,-1,-1,Jereweh,LUASPETA,-1,-1,Maluk,LUASPETA,-1,-1,Poto Tano,LUASPETA,-1,-1,Sekongkang,LUASPETA,-1,-1,Seteluk,LUASPETA,-1,-1,Taliwang,LUASPETA,-1,-1;SUMBERGEOM "SUMBERGEOM" true true false 33 Double 15 32 ,First,#,BrangEne,SUMBERGEOM,-1,-1,BrangRea,SUMBERGEOM,-1,-1,Jereweh,SUMBERGEOM,-1,-1,Maluk,SUMBERGEOM,-1,-1,Poto Tano,SUMBERGEOM,-1,-1,Sekongkang,SUMBERGEOM,-1,-1,Seteluk,SUMBERGEOM,-1,-1,Taliwang,SUMBERGEOM,-1,-1;ALATUKUR "ALATUKUR" true true false 254 Text 0 0 ,First,#,BrangEne,ALATUKUR,-1,-1,BrangRea,ALATUKUR,-1,-1,Jereweh,ALATUKUR,-1,-1,Maluk,ALATUKUR,-1,-1,Poto Tano,ALATUKUR,-1,-1,Sekongkang,ALATUKUR,-1,-1,Seteluk,ALATUKUR,-1,-1,Taliwang,ALATUKUR,-1,-1;PENGGUNAAN "PENGGUNAAN" true true false 254 Text 0 0 ,First,#,BrangEne,PENGGUNAAN,-1,-1,BrangRea,PENGGUNAAN,-1,-1,Jereweh,PENGGUNAAN,-1,-1,Maluk,PENGGUNAAN,-1,-1,Poto Tano,PENGGUNAAN,-1,-1,Sekongkang,PENGGUNAAN,-1,-1,Seteluk,PENGGUNAAN,-1,-1,Taliwang,PENGGUNAAN,-1,-1;METODUKUR "METODUKUR" true true false 254 Text 0 0 ,First,#,BrangEne,METODUKUR,-1,-1,BrangRea,METODUKUR,-1,-1,Jereweh,METODUKUR,-1,-1,Maluk,METODUKUR,-1,-1,Poto Tano,METODUKUR,-1,-1,Sekongkang,METODUKUR,-1,-1,Seteluk,METODUKUR,-1,-1,Taliwang,METODUKUR,-1,-1"</Process></lineage></DataProperties><SyncDate>20251022</SyncDate><SyncTime>11225200</SyncTime><ModDate>20251022</ModDate><ModTime>11225200</ModTime></Esri><dataIdInfo><envirDesc Sync="TRUE"> Version 6.2 (Build 9200) ; Esri ArcGIS 10.8.0.12790</envirDesc><dataLang><languageCode value="ind" Sync="TRUE"></languageCode><countryCode value="IDN" Sync="TRUE"></countryCode></dataLang><idCitation><resTitle Sync="TRUE">ksbmerger</resTitle><presForm><PresFormCd value="005" Sync="TRUE"></PresFormCd></presForm></idCitation><spatRpType><SpatRepTypCd value="001" Sync="TRUE"></SpatRepTypCd></spatRpType></dataIdInfo><mdLang><languageCode value="ind" Sync="TRUE"></languageCode><countryCode value="IDN" Sync="TRUE"></countryCode></mdLang><mdChar><CharSetCd value="004" Sync="TRUE"></CharSetCd></mdChar><distInfo><distFormat><formatName Sync="TRUE">Shapefile</formatName></distFormat><distTranOps><transSize Sync="TRUE">0.000</transSize></distTranOps></distInfo><mdHrLv><ScopeCd value="005" Sync="TRUE"></ScopeCd></mdHrLv><mdHrLvName Sync="TRUE">dataset</mdHrLvName><refSysInfo><RefSystem><refSysID><identCode code="4326" Sync="TRUE"></identCode><idCodeSpace Sync="TRUE">EPSG</idCodeSpace><idVersion Sync="TRUE">6.14(3.0.1)</idVersion></refSysID></RefSystem></refSysInfo><spatRepInfo><VectSpatRep><geometObjs Name="ksbmerger"><geoObjTyp><GeoObjTypCd value="002" Sync="TRUE"></GeoObjTypCd></geoObjTyp><geoObjCnt Sync="TRUE">0</geoObjCnt></geometObjs><topLvl><TopoLevCd value="001" Sync="TRUE"></TopoLevCd></topLvl></VectSpatRep></spatRepInfo><spdoinfo><ptvctinf><esriterm Name="ksbmerger"><efeatyp Sync="TRUE">Simple</efeatyp><efeageom code="4" Sync="TRUE"></efeageom><esritopo Sync="TRUE">FALSE</esritopo><efeacnt Sync="TRUE">0</efeacnt><spindex Sync="TRUE">FALSE</spindex><linrefer Sync="TRUE">FALSE</linrefer></esriterm></ptvctinf></spdoinfo><eainfo><detailed Name="ksbmerger"><enttyp><enttypl Sync="TRUE">ksbmerger</enttypl><enttypt Sync="TRUE">Feature Class</enttypt><enttypc Sync="TRUE">0</enttypc></enttyp><attr><attrlabl Sync="TRUE">FID</attrlabl><attalias Sync="TRUE">FID</attalias><attrtype Sync="TRUE">OID</attrtype><attwidth Sync="TRUE">4</attwidth><atprecis Sync="TRUE">0</atprecis><attscale Sync="TRUE">0</attscale><attrdef Sync="TRUE">Internal feature number.</attrdef><attrdefs Sync="TRUE">Esri</attrdefs><attrdomv><udom Sync="TRUE">Sequential unique whole numbers that are automatically generated.</udom></attrdomv></attr><attr><attrlabl Sync="TRUE">Shape</attrlabl><attalias Sync="TRUE">Shape</attalias><attrtype Sync="TRUE">Geometry</attrtype><attwidth Sync="TRUE">0</attwidth><atprecis Sync="TRUE">0</atprecis><attscale Sync="TRUE">0</attscale><attrdef Sync="TRUE">Feature geometry.</attrdef><attrdefs Sync="TRUE">Esri</attrdefs><attrdomv><udom Sync="TRUE">Coordinates defining the features.</udom></attrdomv></attr><attr><attrlabl Sync="TRUE">ID</attrlabl><attalias Sync="TRUE">ID</attalias><attrtype Sync="TRUE">String</attrtype><attwidth Sync="TRUE">254</attwidth><atprecis Sync="TRUE">0</atprecis><attscale Sync="TRUE">0</attscale></attr><attr><attrlabl Sync="TRUE">KODEWILAYA</attrlabl><attalias Sync="TRUE">KODEWILAYA</attalias><attrtype Sync="TRUE">String</attrtype><attwidth Sync="TRUE">254</attwidth><atprecis Sync="TRUE">0</atprecis><attscale Sync="TRUE">0</attscale></attr><attr><attrlabl Sync="TRUE">KECAMATAN</attrlabl><attalias Sync="TRUE">KECAMATAN</attalias><attrtype Sync="TRUE">String</attrtype><attwidth Sync="TRUE">254</attwidth><atprecis Sync="TRUE">0</atprecis><attscale Sync="TRUE">0</attscale></attr><attr><attrlabl Sync="TRUE">KELURAHAN</attrlabl><attalias Sync="TRUE">KELURAHAN</attalias><attrtype Sync="TRUE">String</attrtype><attwidth Sync="TRUE">254</attwidth><atprecis Sync="TRUE">0</atprecis><attscale Sync="TRUE">0</attscale></attr><attr><attrlabl Sync="TRUE">TIPEHAK</attrlabl><attalias Sync="TRUE">TIPEHAK</attalias><attrtype Sync="TRUE">String</attrtype><attwidth Sync="TRUE">254</attwidth><atprecis Sync="TRUE">0</atprecis><attscale Sync="TRUE">0</attscale></attr><attr><attrlabl Sync="TRUE">TIPEPRODUK</attrlabl><attalias Sync="TRUE">TIPEPRODUK</attalias><attrtype Sync="TRUE">String</attrtype><attwidth Sync="TRUE">254</attwidth><atprecis Sync="TRUE">0</atprecis><attscale Sync="TRUE">0</attscale></attr><attr><attrlabl Sync="TRUE">TAHUN</attrlabl><attalias Sync="TRUE">TAHUN</attalias><attrtype Sync="TRUE">Double</attrtype><attwidth Sync="TRUE">19</attwidth><atprecis Sync="TRUE">18</atprecis><attscale Sync="TRUE">15</attscale></attr><attr><attrlabl Sync="TRUE">NIB</attrlabl><attalias Sync="TRUE">NIB</attalias><attrtype Sync="TRUE">String</attrtype><attwidth Sync="TRUE">254</attwidth><atprecis Sync="TRUE">0</atprecis><attscale Sync="TRUE">0</attscale></attr><attr><attrlabl Sync="TRUE">LUASTERTUL</attrlabl><attalias Sync="TRUE">LUASTERTUL</attalias><attrtype Sync="TRUE">Double</attrtype><attwidth Sync="TRUE">19</attwidth><atprecis Sync="TRUE">18</atprecis><attscale Sync="TRUE">15</attscale></attr><attr><attrlabl Sync="TRUE">LUASPETA</attrlabl><attalias Sync="TRUE">LUASPETA</attalias><attrtype Sync="TRUE">Double</attrtype><attwidth Sync="TRUE">19</attwidth><atprecis Sync="TRUE">18</atprecis><attscale Sync="TRUE">15</attscale></attr><attr><attrlabl Sync="TRUE">SUMBERGEOM</attrlabl><attalias Sync="TRUE">SUMBERGEOM</attalias><attrtype Sync="TRUE">Double</attrtype><attwidth Sync="TRUE">19</attwidth><atprecis Sync="TRUE">18</atprecis><attscale Sync="TRUE">15</attscale></attr><attr><attrlabl Sync="TRUE">ALATUKUR</attrlabl><attalias Sync="TRUE">ALATUKUR</attalias><attrtype Sync="TRUE">String</attrtype><attwidth Sync="TRUE">254</attwidth><atprecis Sync="TRUE">0</atprecis><attscale Sync="TRUE">0</attscale></attr><attr><attrlabl Sync="TRUE">PENGGUNAAN</attrlabl><attalias Sync="TRUE">PENGGUNAAN</attalias><attrtype Sync="TRUE">String</attrtype><attwidth Sync="TRUE">254</attwidth><atprecis Sync="TRUE">0</atprecis><attscale Sync="TRUE">0</attscale></attr><attr><attrlabl Sync="TRUE">METODUKUR</attrlabl><attalias Sync="TRUE">METODUKUR</attalias><attrtype Sync="TRUE">String</attrtype><attwidth Sync="TRUE">254</attwidth><atprecis Sync="TRUE">0</atprecis><attscale Sync="TRUE">0</attscale></attr></detailed></eainfo><mdDateSt Sync="TRUE">20251022</mdDateSt></metadata>
