<metadata xml:lang="id"><Esri><CreaDate>20240608</CreaDate><CreaTime>16072500</CreaTime><ArcGISFormat>1.0</ArcGISFormat><SyncOnce>FALSE</SyncOnce><DataProperties><lineage><Process ToolSource="c:\program files (x86)\arcgis\desktop10.8\ArcToolbox\Toolboxes\Data Management Tools.tbx\CalculateField" Date="20240608" Time="160725">CalculateField "GDB RTRWP Final\Rencana Pola Ruang" KRB_03 "Kawasan Rawan Likuefaksi Tingkat Tinggi, Kawasan Rawan Kekeringan Tingkat Tinggi, Kawasan Rawan Gempa Bumi Tingkat Tinggi" VB #</Process><Process ToolSource="c:\program files (x86)\arcgis\desktop10.8\ArcToolbox\Toolboxes\Data Management Tools.tbx\CalculateField" Date="20240608" Time="160854">CalculateField "GDB RTRWP Final\Rencana Pola Ruang" KRB_03 "Kawasan Rawan Likuefaksi Tingkat Tinggi, Kawasan Rawan Kekeringan Tingkat Tinggi, Kawasan Rawan Gempa Bumi Tingkat Tinggi" VB #</Process><Process ToolSource="c:\program files (x86)\arcgis\desktop10.8\ArcToolbox\Toolboxes\Data Management Tools.tbx\CalculateField" Date="20240608" Time="165613">CalculateField "GDB RTRWP Final\Rencana Pola Ruang" DAGRI "Dagri KHP" VB #</Process><Process ToolSource="c:\program files (x86)\arcgis\desktop10.8\ArcToolbox\Toolboxes\Data Management Tools.tbx\CalculateField" Date="20240610" Time="223346">CalculateField "GDB RTRWP Final\Rencana Pola Ruang" REMARK "Pangkalan TNI Angkatan Udara (Lanud) Rembiga" VB #</Process><Process ToolSource="c:\program files (x86)\arcgis\desktop10.8\ArcToolbox\Toolboxes\Data Management Tools.tbx\CalculateField" Date="20240610" Time="223400">CalculateField "GDB RTRWP Final\Rencana Pola Ruang" REMARK "Tidak Ada" VB #</Process><Process ToolSource="c:\program files (x86)\arcgis\desktop10.8\ArcToolbox\Toolboxes\Data Management Tools.tbx\CalculateField" Date="20240613" Time="101754">CalculateField "01. PETA RTRW FINAL\Rencana Pola Ruang" PTBGMB "Tidak Ada" VB #</Process><Process ToolSource="c:\program files (x86)\arcgis\desktop10.8\ArcToolbox\Toolboxes\Data Management Tools.tbx\CalculateField" Date="20240613" Time="102802">CalculateField "01. PETA RTRW FINAL\Rencana Pola Ruang" PTBGMB "Tidak Ada" VB #</Process><Process ToolSource="c:\program files (x86)\arcgis\desktop10.8\ArcToolbox\Toolboxes\Data Management Tools.tbx\CalculateField" Date="20240613" Time="103000">CalculateField "01. PETA RTRW FINAL\Rencana Pola Ruang" PTBGMB "Tidak Ada" VB #</Process><Process ToolSource="c:\program files (x86)\arcgis\desktop10.8\ArcToolbox\Toolboxes\Data Management Tools.tbx\CalculateField" Date="20240616" Time="145948">CalculateField "01. PETA RTRW FINAL\Rencana Pola Ruang" PTBGMB "Tidak Ada" VB #</Process><Process ToolSource="c:\program files (x86)\arcgis\desktop10.8\ArcToolbox\Toolboxes\Data Management Tools.tbx\CalculateField" Date="20240619" Time="073604">CalculateField "01. PETA RTRW FINAL\Rencana Pola Ruang" KSMPDN "Tidak Ada" VB #</Process><Process ToolSource="c:\program files (x86)\arcgis\desktop10.8\ArcToolbox\Toolboxes\Data Management Tools.tbx\CalculateField" Date="20240619" Time="093135">CalculateField "01. PETA RTRW FINAL\Rencana Pola Ruang" PTBGMB "Tidak Ada" VB #</Process><Process ToolSource="c:\program files (x86)\arcgis\desktop10.8\ArcToolbox\Toolboxes\Data Management Tools.tbx\CalculateField" Date="20240619" Time="093149">CalculateField "01. PETA RTRW FINAL\Rencana Pola Ruang" PTBGMB "Tidak Ada" VB #</Process><Process ToolSource="c:\program files (x86)\arcgis\desktop10.8\ArcToolbox\Toolboxes\Data Management Tools.tbx\CalculateField" Date="20240716" Time="222546">CalculateField "Rencana Pola Ruang" REMARK "Tidak Ada" VB #</Process><Process ToolSource="c:\program files (x86)\arcgis\desktop10.8\ArcToolbox\Toolboxes\Data Management Tools.tbx\CalculateField" Date="20240717" Time="130100">CalculateField "02. PETA RENCANA\Rencana Pola Ruang" REMARK "Kawasan Perlindungan Ekosistem Laut Padang Lamun" VB #</Process><Process ToolSource="c:\program files (x86)\arcgis\desktop10.8\ArcToolbox\Toolboxes\Data Management Tools.tbx\CalculateField" Date="20240717" Time="133043">CalculateField "02. PETA RENCANA\Rencana Pola Ruang" REMARK "Kawasan Perlindungan Ekosistem Laut Terumbu Karang" VB #</Process><Process ToolSource="c:\program files (x86)\arcgis\desktop10.8\ArcToolbox\Toolboxes\Data Management Tools.tbx\CalculateField" Date="20240718" Time="010232">CalculateField "02. PETA RENCANA\Rencana Pola Ruang" KRB_03 "Tidak Ada" VB #</Process><Process ToolSource="c:\program files\arcgis\pro\Resources\ArcToolbox\toolboxes\Conversion Tools.tbx\ExportFeatures" Date="20251107" Time="152725">ExportFeatures "Rencana Pola Ruang" "C:\Users\kkhol\Downloads\Data_Tematik\RTRW POLA RUANG NTB\RTRW POLA RUANG.shp" # NOT_USE_ALIAS "NAMOBJ "Nama Objek" true true false 250 Text 0 0,First,#,Rencana Pola Ruang,NAMOBJ,0,249;ORDE01 "Orde 1" true true false 4 Long 0 0,First,#,Rencana Pola Ruang,ORDE01,-1,-1;KODKWS "Kode Kawasan" true true false 250 Text 0 0,First,#,Rencana Pola Ruang,KODKWS,0,249;JNSRPR "Jenis Rencana Pola Ruang" true true false 4 Long 0 0,First,#,Rencana Pola Ruang,JNSRPR,-1,-1;WADMPR "Wilayah Administrasi Provinsi" true true false 250 Text 0 0,First,#,Rencana Pola Ruang,WADMPR,0,249;WADMKK "Wilayah Administrasi Kabupaten/Kota" true true false 250 Text 0 0,First,#,Rencana Pola Ruang,WADMKK,0,249;KKOP_1 "Kawasan Keselamatan Operasi Penerbangan (KKOP)" true true false 250 Text 0 0,First,#,Rencana Pola Ruang,KKOP_1,0,249;KP2B_2 "Kawasan Pertanian Pangan Berkelanjutan" true true false 250 Text 0 0,First,#,Rencana Pola Ruang,KP2B_2,0,249;KRB_03 "Kawasan Rawan Bencana" true true false 250 Text 0 0,First,#,Rencana Pola Ruang,KRB_03,0,249;CAGBUD "Kawasan Cagar Budaya" true true false 250 Text 0 0,First,#,Rencana Pola Ruang,CAGBUD,0,249;RESAIR "Kawasan Resapan Air" true true false 250 Text 0 0,First,#,Rencana Pola Ruang,RESAIR,0,249;KSMPDN "Kawasan Sempadan" true true false 250 Text 0 0,First,#,Rencana Pola Ruang,KSMPDN,0,249;HANKAM "Kawasan Pertahanan dan Keamanan" true true false 250 Text 0 0,First,#,Rencana Pola Ruang,HANKAM,0,249;KKARST "Kawasan Karst" true true false 250 Text 0 0,First,#,Rencana Pola Ruang,KKARST,0,249;PTBGMB "Kawasan Pertambangan Mineral dan Batubara" true true false 250 Text 0 0,First,#,Rencana Pola Ruang,PTBGMB,0,249;MGRSAT "Kawasan Migrasi Satwa" true true false 250 Text 0 0,First,#,Rencana Pola Ruang,MGRSAT,0,249;RDBUMI "Ruang Dalam Bumi" true true false 250 Text 0 0,First,#,Rencana Pola Ruang,RDBUMI,0,249;DLKPEL "Daerah Lingkungan Kepentingan Pelabuhan" true true false 250 Text 0 0,First,#,Rencana Pola Ruang,DLKPEL,0,249;BPALUR "Bagan Pemisah Alur" true true false 250 Text 0 0,First,#,Rencana Pola Ruang,BPALUR,0,249;KPEKLT "Kawasan Perlindungan Ekosistem Laut" true true false 250 Text 0 0,First,#,Rencana Pola Ruang,KPEKLT,0,249;APKINT "Area Perjanjian Kerja Sama Internasional" true true false 250 Text 0 0,First,#,Rencana Pola Ruang,APKINT,0,249;REMARK "Catatan" true true false 250 Text 0 0,First,#,Rencana Pola Ruang,REMARK,0,249;LUASHA "Luas Area" true true false 8 Double 0 0,First,#,Rencana Pola Ruang,LUASHA,-1,-1;SHAPE_Length "SHAPE_Length" false true true 8 Double 0 0,First,#,Rencana Pola Ruang,SHAPE_Length,-1,-1;SHAPE_Area "SHAPE_Area" false true true 8 Double 0 0,First,#,Rencana Pola Ruang,SHAPE_Area,-1,-1" #</Process></lineage><itemProps><itemName Sync="TRUE">RTRW POLA RUANG</itemName><imsContentType Sync="TRUE">002</imsContentType><itemSize Sync="TRUE">0.000</itemSize><itemLocation><linkage Sync="TRUE">file://\\DESKTOP-6U5L05D\C$\Users\kkhol\Downloads\Data_Tematik\RTRW POLA RUANG NTB\RTRW POLA RUANG.shp</linkage><protocol Sync="TRUE">Local Area Network</protocol></itemLocation></itemProps><coordRef><type Sync="TRUE">Geographic</type><geogcsn Sync="TRUE">GCS_WGS_1984</geogcsn><csUnits Sync="TRUE">Angular Unit: Degree (0.017453)</csUnits><peXml Sync="TRUE">&lt;GeographicCoordinateSystem xsi:type='typens:GeographicCoordinateSystem' xmlns:xsi='http://www.w3.org/2001/XMLSchema-instance' xmlns:xs='http://www.w3.org/2001/XMLSchema' xmlns:typens='http://www.esri.com/schemas/ArcGIS/3.5.0'&gt;&lt;WKT&gt;GEOGCS[&amp;quot;GCS_WGS_1984&amp;quot;,DATUM[&amp;quot;D_WGS_1984&amp;quot;,SPHEROID[&amp;quot;WGS_1984&amp;quot;,6378137.0,298.257223563]],PRIMEM[&amp;quot;Greenwich&amp;quot;,0.0],UNIT[&amp;quot;Degree&amp;quot;,0.0174532925199433],AUTHORITY[&amp;quot;EPSG&amp;quot;,4326]],VERTCS[&amp;quot;EGM2008_Geoid&amp;quot;,VDATUM[&amp;quot;EGM2008_Geoid&amp;quot;],PARAMETER[&amp;quot;Vertical_Shift&amp;quot;,0.0],PARAMETER[&amp;quot;Direction&amp;quot;,1.0],UNIT[&amp;quot;Meter&amp;quot;,1.0],AUTHORITY[&amp;quot;EPSG&amp;quot;,3855]]&lt;/WKT&gt;&lt;XOrigin&gt;-400&lt;/XOrigin&gt;&lt;YOrigin&gt;-400&lt;/YOrigin&gt;&lt;XYScale&gt;11258999068426.238&lt;/XYScale&gt;&lt;ZOrigin&gt;-100000&lt;/ZOrigin&gt;&lt;ZScale&gt;10000&lt;/ZScale&gt;&lt;MOrigin&gt;-100000&lt;/MOrigin&gt;&lt;MScale&gt;10000&lt;/MScale&gt;&lt;XYTolerance&gt;8.983152841195215e-09&lt;/XYTolerance&gt;&lt;ZTolerance&gt;0.001&lt;/ZTolerance&gt;&lt;MTolerance&gt;0.001&lt;/MTolerance&gt;&lt;HighPrecision&gt;true&lt;/HighPrecision&gt;&lt;LeftLongitude&gt;-180&lt;/LeftLongitude&gt;&lt;WKID&gt;4326&lt;/WKID&gt;&lt;LatestWKID&gt;4326&lt;/LatestWKID&gt;&lt;VCSWKID&gt;105790&lt;/VCSWKID&gt;&lt;LatestVCSWKID&gt;3855&lt;/LatestVCSWKID&gt;&lt;/GeographicCoordinateSystem&gt;</peXml></coordRef></DataProperties><SyncDate>20251107</SyncDate><SyncTime>15271800</SyncTime><ModDate>20251107</ModDate><ModTime>15271800</ModTime></Esri><dataIdInfo><envirDesc Sync="TRUE">Microsoft Windows 10 Version 10.0 (Build 26200) ; Esri ArcGIS 13.5.0.57366</envirDesc><dataLang><languageCode value="eng" Sync="TRUE"></languageCode><countryCode value="USA" Sync="TRUE"></countryCode></dataLang><idCitation><resTitle Sync="TRUE">RTRW POLA RUANG</resTitle><presForm><PresFormCd value="005" Sync="TRUE"></PresFormCd></presForm></idCitation><spatRpType><SpatRepTypCd value="001" Sync="TRUE"></SpatRepTypCd></spatRpType></dataIdInfo><mdLang><languageCode value="eng" Sync="TRUE"></languageCode><countryCode value="USA" Sync="TRUE"></countryCode></mdLang><distInfo><distFormat><formatName Sync="TRUE">Shapefile</formatName></distFormat><distTranOps><transSize Sync="TRUE">0.000</transSize></distTranOps></distInfo><mdHrLv><ScopeCd value="005" Sync="TRUE"></ScopeCd></mdHrLv><mdHrLvName Sync="TRUE">dataset</mdHrLvName><refSysInfo><RefSystem><refSysID><identCode code="4326" Sync="TRUE"></identCode><idCodeSpace Sync="TRUE">EPSG</idCodeSpace><idVersion Sync="TRUE">6.2(3.0.1)</idVersion></refSysID></RefSystem></refSysInfo><spatRepInfo><VectSpatRep><geometObjs Name="RTRW POLA RUANG"><geoObjTyp><GeoObjTypCd value="002" Sync="TRUE"></GeoObjTypCd></geoObjTyp><geoObjCnt Sync="TRUE">0</geoObjCnt></geometObjs><topLvl><TopoLevCd value="001" Sync="TRUE"></TopoLevCd></topLvl></VectSpatRep></spatRepInfo><spdoinfo><ptvctinf><esriterm Name="RTRW POLA RUANG"><efeatyp Sync="TRUE">Simple</efeatyp><efeageom code="4" Sync="TRUE"></efeageom><esritopo Sync="TRUE">FALSE</esritopo><efeacnt Sync="TRUE">0</efeacnt><spindex Sync="TRUE">FALSE</spindex><linrefer Sync="TRUE">TRUE</linrefer></esriterm></ptvctinf></spdoinfo><eainfo><detailed Name="RTRW POLA RUANG"><enttyp><enttypl Sync="TRUE">RTRW POLA RUANG</enttypl><enttypt Sync="TRUE">Feature Class</enttypt><enttypc Sync="TRUE">0</enttypc></enttyp><attr><attrlabl Sync="TRUE">FID</attrlabl><attalias Sync="TRUE">FID</attalias><attrtype Sync="TRUE">OID</attrtype><attwidth Sync="TRUE">4</attwidth><atprecis Sync="TRUE">0</atprecis><attscale Sync="TRUE">0</attscale><attrdef Sync="TRUE">Internal feature number.</attrdef><attrdefs Sync="TRUE">Esri</attrdefs><attrdomv><udom Sync="TRUE">Sequential unique whole numbers that are automatically generated.</udom></attrdomv></attr><attr><attrlabl Sync="TRUE">Shape</attrlabl><attalias Sync="TRUE">Shape</attalias><attrtype Sync="TRUE">Geometry</attrtype><attwidth Sync="TRUE">0</attwidth><atprecis Sync="TRUE">0</atprecis><attscale Sync="TRUE">0</attscale><attrdef Sync="TRUE">Feature geometry.</attrdef><attrdefs Sync="TRUE">Esri</attrdefs><attrdomv><udom Sync="TRUE">Coordinates defining the features.</udom></attrdomv></attr><attr><attrlabl Sync="TRUE">NAMOBJ</attrlabl><attalias Sync="TRUE">NAMOBJ</attalias><attrtype Sync="TRUE">String</attrtype><attwidth Sync="TRUE">250</attwidth><atprecis Sync="TRUE">0</atprecis><attscale Sync="TRUE">0</attscale></attr><attr><attrlabl Sync="TRUE">ORDE01</attrlabl><attalias Sync="TRUE">ORDE01</attalias><attrtype Sync="TRUE">Integer</attrtype><attwidth Sync="TRUE">10</attwidth><atprecis Sync="TRUE">10</atprecis><attscale Sync="TRUE">0</attscale></attr><attr><attrlabl Sync="TRUE">KODKWS</attrlabl><attalias Sync="TRUE">KODKWS</attalias><attrtype Sync="TRUE">String</attrtype><attwidth Sync="TRUE">250</attwidth><atprecis Sync="TRUE">0</atprecis><attscale Sync="TRUE">0</attscale></attr><attr><attrlabl Sync="TRUE">JNSRPR</attrlabl><attalias Sync="TRUE">JNSRPR</attalias><attrtype Sync="TRUE">Integer</attrtype><attwidth Sync="TRUE">10</attwidth><atprecis Sync="TRUE">10</atprecis><attscale Sync="TRUE">0</attscale></attr><attr><attrlabl Sync="TRUE">WADMPR</attrlabl><attalias Sync="TRUE">WADMPR</attalias><attrtype Sync="TRUE">String</attrtype><attwidth Sync="TRUE">250</attwidth><atprecis Sync="TRUE">0</atprecis><attscale Sync="TRUE">0</attscale></attr><attr><attrlabl Sync="TRUE">WADMKK</attrlabl><attalias Sync="TRUE">WADMKK</attalias><attrtype Sync="TRUE">String</attrtype><attwidth Sync="TRUE">250</attwidth><atprecis Sync="TRUE">0</atprecis><attscale Sync="TRUE">0</attscale></attr><attr><attrlabl Sync="TRUE">KKOP_1</attrlabl><attalias Sync="TRUE">KKOP_1</attalias><attrtype Sync="TRUE">String</attrtype><attwidth Sync="TRUE">250</attwidth><atprecis Sync="TRUE">0</atprecis><attscale Sync="TRUE">0</attscale></attr><attr><attrlabl Sync="TRUE">KP2B_2</attrlabl><attalias Sync="TRUE">KP2B_2</attalias><attrtype Sync="TRUE">String</attrtype><attwidth Sync="TRUE">250</attwidth><atprecis Sync="TRUE">0</atprecis><attscale Sync="TRUE">0</attscale></attr><attr><attrlabl Sync="TRUE">KRB_03</attrlabl><attalias Sync="TRUE">KRB_03</attalias><attrtype Sync="TRUE">String</attrtype><attwidth Sync="TRUE">250</attwidth><atprecis Sync="TRUE">0</atprecis><attscale Sync="TRUE">0</attscale></attr><attr><attrlabl Sync="TRUE">CAGBUD</attrlabl><attalias Sync="TRUE">CAGBUD</attalias><attrtype Sync="TRUE">String</attrtype><attwidth Sync="TRUE">250</attwidth><atprecis Sync="TRUE">0</atprecis><attscale Sync="TRUE">0</attscale></attr><attr><attrlabl Sync="TRUE">RESAIR</attrlabl><attalias Sync="TRUE">RESAIR</attalias><attrtype Sync="TRUE">String</attrtype><attwidth Sync="TRUE">250</attwidth><atprecis Sync="TRUE">0</atprecis><attscale Sync="TRUE">0</attscale></attr><attr><attrlabl Sync="TRUE">KSMPDN</attrlabl><attalias Sync="TRUE">KSMPDN</attalias><attrtype Sync="TRUE">String</attrtype><attwidth Sync="TRUE">250</attwidth><atprecis Sync="TRUE">0</atprecis><attscale Sync="TRUE">0</attscale></attr><attr><attrlabl Sync="TRUE">HANKAM</attrlabl><attalias Sync="TRUE">HANKAM</attalias><attrtype Sync="TRUE">String</attrtype><attwidth Sync="TRUE">250</attwidth><atprecis Sync="TRUE">0</atprecis><attscale Sync="TRUE">0</attscale></attr><attr><attrlabl Sync="TRUE">KKARST</attrlabl><attalias Sync="TRUE">KKARST</attalias><attrtype Sync="TRUE">String</attrtype><attwidth Sync="TRUE">250</attwidth><atprecis Sync="TRUE">0</atprecis><attscale Sync="TRUE">0</attscale></attr><attr><attrlabl Sync="TRUE">PTBGMB</attrlabl><attalias Sync="TRUE">PTBGMB</attalias><attrtype Sync="TRUE">String</attrtype><attwidth Sync="TRUE">250</attwidth><atprecis Sync="TRUE">0</atprecis><attscale Sync="TRUE">0</attscale></attr><attr><attrlabl Sync="TRUE">MGRSAT</attrlabl><attalias Sync="TRUE">MGRSAT</attalias><attrtype Sync="TRUE">String</attrtype><attwidth Sync="TRUE">250</attwidth><atprecis Sync="TRUE">0</atprecis><attscale Sync="TRUE">0</attscale></attr><attr><attrlabl Sync="TRUE">RDBUMI</attrlabl><attalias Sync="TRUE">RDBUMI</attalias><attrtype Sync="TRUE">String</attrtype><attwidth Sync="TRUE">250</attwidth><atprecis Sync="TRUE">0</atprecis><attscale Sync="TRUE">0</attscale></attr><attr><attrlabl Sync="TRUE">DLKPEL</attrlabl><attalias Sync="TRUE">DLKPEL</attalias><attrtype Sync="TRUE">String</attrtype><attwidth Sync="TRUE">250</attwidth><atprecis Sync="TRUE">0</atprecis><attscale Sync="TRUE">0</attscale></attr><attr><attrlabl Sync="TRUE">BPALUR</attrlabl><attalias Sync="TRUE">BPALUR</attalias><attrtype Sync="TRUE">String</attrtype><attwidth Sync="TRUE">250</attwidth><atprecis Sync="TRUE">0</atprecis><attscale Sync="TRUE">0</attscale></attr><attr><attrlabl Sync="TRUE">KPEKLT</attrlabl><attalias Sync="TRUE">KPEKLT</attalias><attrtype Sync="TRUE">String</attrtype><attwidth Sync="TRUE">250</attwidth><atprecis Sync="TRUE">0</atprecis><attscale Sync="TRUE">0</attscale></attr><attr><attrlabl Sync="TRUE">APKINT</attrlabl><attalias Sync="TRUE">APKINT</attalias><attrtype Sync="TRUE">String</attrtype><attwidth Sync="TRUE">250</attwidth><atprecis Sync="TRUE">0</atprecis><attscale Sync="TRUE">0</attscale></attr><attr><attrlabl Sync="TRUE">REMARK</attrlabl><attalias Sync="TRUE">REMARK</attalias><attrtype Sync="TRUE">String</attrtype><attwidth Sync="TRUE">250</attwidth><atprecis Sync="TRUE">0</atprecis><attscale Sync="TRUE">0</attscale></attr><attr><attrlabl Sync="TRUE">LUASHA</attrlabl><attalias Sync="TRUE">LUASHA</attalias><attrtype Sync="TRUE">Double</attrtype><attwidth Sync="TRUE">19</attwidth><atprecis Sync="TRUE">0</atprecis><attscale Sync="TRUE">0</attscale></attr><attr><attrlabl Sync="TRUE">SHAPE_Leng</attrlabl><attalias Sync="TRUE">SHAPE_Leng</attalias><attrtype Sync="TRUE">Double</attrtype><attwidth Sync="TRUE">19</attwidth><atprecis Sync="TRUE">0</atprecis><attscale Sync="TRUE">0</attscale></attr><attr><attrlabl Sync="TRUE">SHAPE_Area</attrlabl><attalias Sync="TRUE">SHAPE_Area</attalias><attrtype Sync="TRUE">Double</attrtype><attwidth Sync="TRUE">19</attwidth><atprecis Sync="TRUE">0</atprecis><attscale Sync="TRUE">0</attscale><attrdef Sync="TRUE">Area of feature in internal units squared.</attrdef><attrdefs Sync="TRUE">Esri</attrdefs><attrdomv><udom Sync="TRUE">Positive real numbers that are automatically generated.</udom></attrdomv></attr></detailed></eainfo><mdDateSt Sync="TRUE">20251107</mdDateSt></metadata>
