<metadata xml:lang="id"><Esri><CreaDate>20220103</CreaDate><CreaTime>12351000</CreaTime><ArcGISFormat>1.0</ArcGISFormat><SyncOnce>FALSE</SyncOnce><DataProperties><itemProps><itemName Sync="TRUE">LSD</itemName><imsContentType Sync="TRUE">002</imsContentType><itemLocation><linkage Sync="TRUE">file://\\DESKTOP-6U5L05D\C$\Users\kkhol\Downloads\Data_Tematik\LSD NTB\LSD.shp</linkage><protocol Sync="TRUE">Local Area Network</protocol></itemLocation><itemSize Sync="TRUE">0.000</itemSize></itemProps><coordRef><type Sync="TRUE">Geographic</type><geogcsn Sync="TRUE">GCS_WGS_1984</geogcsn><csUnits Sync="TRUE">Angular Unit: Degree (0.017453)</csUnits><peXml Sync="TRUE">&lt;GeographicCoordinateSystem xsi:type='typens:GeographicCoordinateSystem' xmlns:xsi='http://www.w3.org/2001/XMLSchema-instance' xmlns:xs='http://www.w3.org/2001/XMLSchema' xmlns:typens='http://www.esri.com/schemas/ArcGIS/3.5.0'&gt;&lt;WKT&gt;GEOGCS[&amp;quot;GCS_WGS_1984&amp;quot;,DATUM[&amp;quot;D_WGS_1984&amp;quot;,SPHEROID[&amp;quot;WGS_1984&amp;quot;,6378137.0,298.257223563]],PRIMEM[&amp;quot;Greenwich&amp;quot;,0.0],UNIT[&amp;quot;Degree&amp;quot;,0.0174532925199433],AUTHORITY[&amp;quot;EPSG&amp;quot;,4326]]&lt;/WKT&gt;&lt;XOrigin&gt;-400&lt;/XOrigin&gt;&lt;YOrigin&gt;-400&lt;/YOrigin&gt;&lt;XYScale&gt;11258999068426.238&lt;/XYScale&gt;&lt;ZOrigin&gt;-100000&lt;/ZOrigin&gt;&lt;ZScale&gt;10000&lt;/ZScale&gt;&lt;MOrigin&gt;-100000&lt;/MOrigin&gt;&lt;MScale&gt;10000&lt;/MScale&gt;&lt;XYTolerance&gt;8.983152841195215e-09&lt;/XYTolerance&gt;&lt;ZTolerance&gt;0.001&lt;/ZTolerance&gt;&lt;MTolerance&gt;0.001&lt;/MTolerance&gt;&lt;HighPrecision&gt;true&lt;/HighPrecision&gt;&lt;LeftLongitude&gt;-180&lt;/LeftLongitude&gt;&lt;WKID&gt;4326&lt;/WKID&gt;&lt;LatestWKID&gt;4326&lt;/LatestWKID&gt;&lt;/GeographicCoordinateSystem&gt;</peXml></coordRef><lineage><Process ToolSource="c:\program files (x86)\arcgis\desktop10.4\ArcToolbox\Toolboxes\Data Management Tools.tbx\CalculateField" Date="20191128" Time="015751">CalculateField Sawah_NTB_261119_CEA_230334 QNAME_19 "Sawah" VB #</Process><Process ToolSource="c:\program files (x86)\arcgis\desktop10.3\ArcToolbox\Toolboxes\Data Management Tools.tbx\CalculateField" Date="20191129" Time="140820">CalculateField Sawah_NTB_271119_CEA_erase WADMKK_1 "Bima" VB #</Process><Process ToolSource="c:\program files (x86)\arcgis\desktop10.3\ArcToolbox\Toolboxes\Data Management Tools.tbx\CalculateField" Date="20191129" Time="140831">CalculateField Sawah_NTB_271119_CEA_erase QNAME_19 "Sawah" VB #</Process><Process ToolSource="c:\program files (x86)\arcgis\desktop10.3\ArcToolbox\Toolboxes\Data Management Tools.tbx\CalculateField" Date="20191129" Time="140847">CalculateField Sawah_NTB_271119_CEA_erase WADMPR_1 "Nusa Tenggara Barat" VB #</Process><Process ToolSource="c:\program files (x86)\arcgis\desktop10.1\ArcToolbox\Toolboxes\Conversion Tools.tbx\FeatureClassToFeatureClass" Date="20191129" Time="155352">FeatureClassToFeatureClass Sawah_NTB_271119_CEA_234542Ha "E:\PERSIAPAN LBS 2019\UPDATE 27NOV19 LBS.gdb\NTB" Sawah_NTB_271119_CEA_234542Ha # "OBJECTID "OBJECTID" true true false 9 Long 0 9 ,First,#,O:\WORK ATRBPN\DIREKTORAT PGT\LP2B\LBS MARGO\LBS FINAL 25112019\cek 271119\Sawah bener 271119\Sawah_NTB_271119_CEA_234542Ha.shp,OBJECTID,-1,-1;Ket_2511 "Ket_2511" true true false 10 Text 0 0 ,First,#,O:\WORK ATRBPN\DIREKTORAT PGT\LP2B\LBS MARGO\LBS FINAL 25112019\cek 271119\Sawah bener 271119\Sawah_NTB_271119_CEA_234542Ha.shp,Ket_2511,-1,-1;Keterangan "Keterangan" true true false 50 Text 0 0 ,First,#,O:\WORK ATRBPN\DIREKTORAT PGT\LP2B\LBS MARGO\LBS FINAL 25112019\cek 271119\Sawah bener 271119\Sawah_NTB_271119_CEA_234542Ha.shp,Keterangan,-1,-1;Luas_CEA "Luas_CEA" true true false 19 Double 0 0 ,First,#,O:\WORK ATRBPN\DIREKTORAT PGT\LP2B\LBS MARGO\LBS FINAL 25112019\cek 271119\Sawah bener 271119\Sawah_NTB_271119_CEA_234542Ha.shp,Luas_CEA,-1,-1;WADMKK_1 "WADMKK_1" true true false 50 Text 0 0 ,First,#,O:\WORK ATRBPN\DIREKTORAT PGT\LP2B\LBS MARGO\LBS FINAL 25112019\cek 271119\Sawah bener 271119\Sawah_NTB_271119_CEA_234542Ha.shp,WADMKK_1,-1,-1;WADMPR_1 "WADMPR_1" true true false 50 Text 0 0 ,First,#,O:\WORK ATRBPN\DIREKTORAT PGT\LP2B\LBS MARGO\LBS FINAL 25112019\cek 271119\Sawah bener 271119\Sawah_NTB_271119_CEA_234542Ha.shp,WADMPR_1,-1,-1;QNAME_19 "QNAME_19" true true false 50 Text 0 0 ,First,#,O:\WORK ATRBPN\DIREKTORAT PGT\LP2B\LBS MARGO\LBS FINAL 25112019\cek 271119\Sawah bener 271119\Sawah_NTB_271119_CEA_234542Ha.shp,QNAME_19,-1,-1;Shape_Leng "Shape_Leng" true true false 19 Double 0 0 ,First,#,O:\WORK ATRBPN\DIREKTORAT PGT\LP2B\LBS MARGO\LBS FINAL 25112019\cek 271119\Sawah bener 271119\Sawah_NTB_271119_CEA_234542Ha.shp,Shape_Leng,-1,-1;Shape_Area "Shape_Area" true true false 19 Double 0 0 ,First,#,O:\WORK ATRBPN\DIREKTORAT PGT\LP2B\LBS MARGO\LBS FINAL 25112019\cek 271119\Sawah bener 271119\Sawah_NTB_271119_CEA_234542Ha.shp,Shape_Area,-1,-1" #</Process><Process ToolSource="c:\program files (x86)\arcgis\desktop10.1\ArcToolbox\Toolboxes\Data Management Tools.tbx\DeleteField" Date="20191203" Time="011826">DeleteField Sawah_NTB_291119_CEA_234542Ha OBJECTID;Ket_2511;Keterangan;Shape_Leng</Process><Process ToolSource="c:\program files (x86)\arcgis\desktop10.8\ArcToolbox\Toolboxes\Analysis Tools.tbx\Identity" Date="20210203" Time="152108">Identity LBS_2019_Kabupaten_Bima Erase_KSK "D:\Pengendalian Sawah\SHP\Kabupaten Bima\Geoprocessing\LBS_Iden_KSK.shp" ALL # NO_RELATIONSHIPS</Process><Process ToolSource="c:\program files (x86)\arcgis\desktop10.8\ArcToolbox\Toolboxes\Data Management Tools.tbx\DeleteField" Date="20210203" Time="152702">DeleteField LBS_Iden_KSK FID_LBS_20;OBJECTID_1;WADMKK_1;WADMPR_1;Shape_Leng;Shape_Area;FID_Erase_;Luas_CEA_1</Process><Process ToolSource="c:\program files (x86)\arcgis\desktop10.8\ArcToolbox\Toolboxes\Data Management Tools.tbx\CalculateField" Date="20210203" Time="152724">CalculateField LBS_Iden_KSK QNAME_19 "Bukan Sawah" VB #</Process><Process ToolSource="c:\program files (x86)\arcgis\desktop10.8\ArcToolbox\Toolboxes\Data Management Tools.tbx\CalculateField" Date="20210203" Time="152923">CalculateField LBS_Iden_KSK AOI [QNAME_19] VB #</Process><Process ToolSource="c:\program files (x86)\arcgis\desktop10.8\ArcToolbox\Toolboxes\Data Management Tools.tbx\CalculateField" Date="20210203" Time="152945">CalculateField LBS_Iden_KSK Kondisi "Terbangun" VB #</Process><Process ToolSource="c:\program files (x86)\arcgis\desktop10.8\ArcToolbox\Toolboxes\Data Management Tools.tbx\CalculateField" Date="20210203" Time="153004">CalculateField LBS_Iden_KSK Kondisi "Sawah" VB #</Process><Process ToolSource="c:\program files (x86)\arcgis\desktop10.8\ArcToolbox\Toolboxes\Data Management Tools.tbx\Merge" Date="20210203" Time="153855">Merge LBS_Iden_KSK;Clip_1 "D:\Pengendalian Sawah\SHP\Kabupaten Bima\Geoprocessing\02_Sawah Perbaikan_Kabupaten Bima_ASTON.shp" "Luas_CEA "Luas_CEA" true true false 19 Double 0 0 ,First,#,LBS_Iden_KSK,Luas_CEA,-1,-1;Kondisi "Kondisi" true true false 50 Text 0 0 ,First,#,LBS_Iden_KSK,Kondisi,-1,-1,Clip_1,Kondisi,-1,-1;AOI "AOI" true true false 50 Text 0 0 ,First,#,LBS_Iden_KSK,AOI,-1,-1,Clip_1,AOI,-1,-1;Koreksi "Koreksi" true true false 50 Text 0 0 ,First,#,LBS_Iden_KSK,Koreksi,-1,-1;Luas_Ha "Luas_Ha" true true false 19 Double 0 0 ,First,#,Clip_1,Luas_Ha,-1,-1;zz "zz" true true false 50 Text 0 0 ,First,#,Clip_1,zz,-1,-1"</Process><Process ToolSource="c:\program files (x86)\arcgis\desktop10.8\ArcToolbox\Toolboxes\Data Management Tools.tbx\CalculateField" Date="20210203" Time="154110">CalculateField "02_Sawah Perbaikan_Kabupaten Bima_ASTON" Koreksi "Sawah" VB #</Process><Process ToolSource="c:\program files (x86)\arcgis\desktop10.8\ArcToolbox\Toolboxes\Data Management Tools.tbx\CalculateField" Date="20210203" Time="154115">CalculateField "02_Sawah Perbaikan_Kabupaten Bima_ASTON" AOI2 "Sawah" VB #</Process><Process ToolSource="c:\program files (x86)\arcgis\desktop10.8\ArcToolbox\Toolboxes\Data Management Tools.tbx\CalculateField" Date="20210203" Time="154137">CalculateField "02_Sawah Perbaikan_Kabupaten Bima_ASTON" Koreksi "Sawah Baru" VB #</Process><Process ToolSource="c:\program files (x86)\arcgis\desktop10.8\ArcToolbox\Toolboxes\Data Management Tools.tbx\CalculateField" Date="20210203" Time="154152">CalculateField "02_Sawah Perbaikan_Kabupaten Bima_ASTON" LBS "Sawah diluar LBS" VB #</Process><Process ToolSource="c:\program files (x86)\arcgis\desktop10.8\ArcToolbox\Toolboxes\Data Management Tools.tbx\CalculateField" Date="20210203" Time="164510">CalculateField "02_Sawah Perbaikan_Kabupaten Bima_ASTON" Koreksi "Sawah" VB #</Process><Process ToolSource="c:\program files (x86)\arcgis\desktop10.8\ArcToolbox\Toolboxes\Data Management Tools.tbx\CalculateField" Date="20210203" Time="165325">CalculateField "02_Sawah Perbaikan_Kabupaten Bima_ASTON" AOI2 "Sawah" VB #</Process><Process ToolSource="c:\program files (x86)\arcgis\desktop10.8\ArcToolbox\Toolboxes\Data Management Tools.tbx\CalculateField" Date="20210203" Time="165450">CalculateField "02_Sawah Perbaikan_Kabupaten Bima_ASTON" LBS "LBS" VB #</Process><Process ToolSource="c:\program files (x86)\arcgis\desktop10.8\ArcToolbox\Toolboxes\Data Management Tools.tbx\CalculateField" Date="20210203" Time="165641">CalculateField "02_Sawah Perbaikan_Kabupaten Bima_ASTON" AOI2 "Tegalan dan lainnya" VB #</Process><Process ToolSource="c:\program files (x86)\arcgis\desktop10.8\ArcToolbox\Toolboxes\Data Management Tools.tbx\CalculateField" Date="20210203" Time="165721">CalculateField "02_Sawah Perbaikan_Kabupaten Bima_ASTON" AOI2 "Tegalan dan lainnya" VB #</Process><Process ToolSource="c:\program files (x86)\arcgis\desktop10.4\ArcToolbox\Toolboxes\Data Management Tools.tbx\CopyFeatures" Date="20210303" Time="091631">CopyFeatures "02_Sawah Perbaikan_Kabupaten Bima_ASTON" "E:\Nira\Kerjaan\QC SAWAH point.gdb\QC SAWAH point.gdb\T02_Sawah_Perbaikan_Kabupaten_Bima_ASTON" # 0 0 0</Process><Process ToolSource="c:\program files (x86)\arcgis\desktop10.4\ArcToolbox\Toolboxes\Data Management Tools.tbx\CalculateField" Date="20210303" Time="092106">CalculateField T02_Sawah_Perbaikan_Kabupaten_Bima_ASTON Update2021 "Lahan sawah menjadi lahan terbangun" VB #</Process><Process ToolSource="c:\program files (x86)\arcgis\desktop10.4\ArcToolbox\Toolboxes\Data Management Tools.tbx\CalculateField" Date="20210303" Time="092136">CalculateField T02_Sawah_Perbaikan_Kabupaten_Bima_ASTON Update2021 "Lahan sawah tetap menjadi lahan sawah" VB #</Process><Process ToolSource="c:\program files (x86)\arcgis\desktop10.4\ArcToolbox\Toolboxes\Data Management Tools.tbx\CalculateField" Date="20210303" Time="092213">CalculateField T02_Sawah_Perbaikan_Kabupaten_Bima_ASTON Update2021 "Lahan sawah menjadi lahan non-sawah selain lahan terbangun" VB #</Process><Process ToolSource="c:\program files (x86)\arcgis\desktop10.4\ArcToolbox\Toolboxes\Data Management Tools.tbx\CalculateField" Date="20210303" Time="092226">CalculateField T02_Sawah_Perbaikan_Kabupaten_Bima_ASTON Update2021 "Lahan sawah menjadi lahan non-sawah selain lahan terbangun" VB #</Process><Process ToolSource="c:\program files (x86)\arcgis\desktop10.4\ArcToolbox\Toolboxes\Data Management Tools.tbx\CalculateField" Date="20210303" Time="092258">CalculateField T02_Sawah_Perbaikan_Kabupaten_Bima_ASTON Update2021 "Lahan sawah tetap menjadi lahan sawah" VB #</Process><Process ToolSource="c:\program files (x86)\arcgis\desktop10.4\ArcToolbox\Toolboxes\Data Management Tools.tbx\CopyFeatures" Date="20210305" Time="163741">CopyFeatures E:\Nira\Kerjaan\Sawah_Perbaikan_Kabupaten_Bima.shp E:\Nira\Kerjaan\QC_SAWAH_NIRA_KAB_BIMA.gdb\Sawah_Perbaikan_Kabupaten_Bima # 0 0 0</Process><Process ToolSource="d:\programs\arcgis\desktop10.8\ArcToolbox\Toolboxes\Data Management Tools.tbx\Project" Date="20210306" Time="044359">Project Sawah_Perbaikan_Kabupaten_Bima "G:\Works\BIG\PPIT\sawah\2021\QC feb 2021\hasil\6 mar 2021\QC_Sawah_6Mar.gdb\QC_Kabupaten_Bima\Sawah_Perbaikan_Kabupaten_Bima_Rev" GEOGCS['GCS_WGS_1984',DATUM['D_WGS_1984',SPHEROID['WGS_1984',6378137.0,298.257223563]],PRIMEM['Greenwich',0.0],UNIT['Degree',0.0174532925199433]] # PROJCS['World_Cylindrical_Equal_Area',GEOGCS['GCS_WGS_1984',DATUM['D_WGS_1984',SPHEROID['WGS_1984',6378137.0,298.257223563]],PRIMEM['Greenwich',0.0],UNIT['Degree',0.0174532925199433]],PROJECTION['Cylindrical_Equal_Area'],PARAMETER['False_Easting',0.0],PARAMETER['False_Northing',0.0],PARAMETER['Central_Meridian',0.0],PARAMETER['Standard_Parallel_1',0.0],UNIT['Meter',1.0]],VERTCS['WGS_1984',DATUM['D_WGS_1984',SPHEROID['WGS_1984',6378137.0,298.257223563]],PARAMETER['Vertical_Shift',0.0],PARAMETER['Direction',1.0],UNIT['Meter',1.0]] NO_PRESERVE_SHAPE # NO_VERTICAL</Process><Process ToolSource="c:\program files (x86)\arcgis\desktop10.3\ArcToolbox\Toolboxes\Data Management Tools.tbx\CalculateField" Date="20210511" Time="132759">CalculateField Sawah_Perbaikan_Kabupaten_Bima_Rev Koreksi "Sawah Baru" VB #</Process><Process Name="Identity" ToolSource="c:\program files (x86)\arcgis\desktop10.5\ArcToolbox\Toolboxes\Analysis Tools.tbx\Identity" Date="20210517" Time="103857">Identity Sawah_Perbaikan_Kabupaten_Bima_Rev ADMINISTRASI_AR_KABKOTA_V1 "D:\QC BIG\QC Sawah\54 Kab Kota\BIG\QC_LBS_Kabupaten_Bima.gdb\LBS_Kab_Bima\Sawah_Perbaikan_Kabupaten_Bima_Iden" ALL # NO_RELATIONSHIPS</Process><Process ToolSource="c:\program files (x86)\arcgis\desktop10.3\ArcToolbox\Toolboxes\Data Management Tools.tbx\Merge" Date="20210531" Time="094823">Merge Sawah_Perbaikan_Kabupaten_Bima_Iden;T02_Sawah_Perbaikan_Kabupaten_Mojokerto_Iden;T02_Sawah_Perbaikan_Kabupaten_Magetan_Iden;Sawah_Perbaikan_Kabupaten_Madiun_Iden;Sawah_Perbaikan_Kabupaten_Jombang_Iden;Sawah_Perbaikan_Kabupaten_Bondowoso_Iden;Sawah_Perbaikan_Kab_Ponorogo_Iden;Sawah_Perbaikan_Kabupaten_Pacitan_Iden;T02_Sawah_Perbaikan_Kabupaten_Nganjuk_Iden;Sawah_Perbaikan_Kota_Salatiga_Iden;Sawah_Perbaikan_Kabupaten_Demak_Iden;Sawah_Perbaikan_Kabupaten_Boyolali_Iden;QC_LBS_Kab_Tasikmalaya_Iden;Sawah_Perbaikan_Kabupaten_Cianjur_Iden;Sawah_Perbaikan_Kabupaten_Bogor_Iden;Sawah_Perbaikan_Kabupaten_Tangerang_Iden;QC_LBS_Kab_Pandeglang_Iden;Sawah_Perbaikan_Kab_Solok_Selatan_Iden;QC_LBS_Kota_Padang_Panjang_Iden "D:\00 Klarifikasi\00 Klarifikasi 8 Provinsi\00 Pengolahan 21012021\02 Data Sawah Perbaikan Hasil QC\52 KabKota Sudah Terevisi\BIG\Merge_BIG.shp" "Luas_Ha "Luas_Ha" true true false 8 Double 0 0 ,First,#,Sawah_Perbaikan_Kabupaten_Bima_Iden,Luas_Ha,-1,-1,T02_Sawah_Perbaikan_Kabupaten_Mojokerto_Iden,Luas_Ha,-1,-1,T02_Sawah_Perbaikan_Kabupaten_Magetan_Iden,Luas_Ha,-1,-1,Sawah_Perbaikan_Kabupaten_Madiun_Iden,Luas_Ha,-1,-1,Sawah_Perbaikan_Kabupaten_Jombang_Iden,Luas_Ha,-1,-1,Sawah_Perbaikan_Kabupaten_Bondowoso_Iden,Luas_Ha,-1,-1,Sawah_Perbaikan_Kab_Ponorogo_Iden,Luas_Ha,-1,-1,Sawah_Perbaikan_Kabupaten_Pacitan_Iden,Luas_Ha,-1,-1,T02_Sawah_Perbaikan_Kabupaten_Nganjuk_Iden,Luas_Ha,-1,-1,Sawah_Perbaikan_Kota_Salatiga_Iden,Luas_Ha,-1,-1,Sawah_Perbaikan_Kabupaten_Demak_Iden,Luas_Ha,-1,-1,Sawah_Perbaikan_Kabupaten_Boyolali_Iden,Luas_Ha,-1,-1,QC_LBS_Kab_Tasikmalaya_Iden,Luas_Ha,-1,-1,Sawah_Perbaikan_Kabupaten_Cianjur_Iden,Luas_Ha,-1,-1,Sawah_Perbaikan_Kabupaten_Bogor_Iden,Luas_Ha,-1,-1,Sawah_Perbaikan_Kabupaten_Tangerang_Iden,Luas_HA,-1,-1,QC_LBS_Kab_Pandeglang_Iden,Luas_HA,-1,-1,Sawah_Perbaikan_Kab_Solok_Selatan_Iden,Luas_Ha,-1,-1,QC_LBS_Kota_Padang_Panjang_Iden,Luas_Ha,-1,-1;AOI2 "AOI2" true true false 50 Text 0 0 ,First,#,Sawah_Perbaikan_Kabupaten_Bima_Iden,AOI2,-1,-1,T02_Sawah_Perbaikan_Kabupaten_Mojokerto_Iden,AOI2,-1,-1,T02_Sawah_Perbaikan_Kabupaten_Magetan_Iden,AOI2,-1,-1,Sawah_Perbaikan_Kabupaten_Madiun_Iden,AOI2,-1,-1,Sawah_Perbaikan_Kabupaten_Jombang_Iden,AOI2,-1,-1,Sawah_Perbaikan_Kabupaten_Bondowoso_Iden,AOI2,-1,-1,Sawah_Perbaikan_Kab_Ponorogo_Iden,AOI2,-1,-1,Sawah_Perbaikan_Kabupaten_Pacitan_Iden,AOI2,-1,-1,T02_Sawah_Perbaikan_Kabupaten_Nganjuk_Iden,AOI2,-1,-1,Sawah_Perbaikan_Kota_Salatiga_Iden,AOI2,-1,-1,Sawah_Perbaikan_Kabupaten_Boyolali_Iden,AOI2,-1,-1,QC_LBS_Kab_Tasikmalaya_Iden,AOI2,-1,-1,Sawah_Perbaikan_Kabupaten_Cianjur_Iden,AOI2,-1,-1,Sawah_Perbaikan_Kabupaten_Tangerang_Iden,AOI2,-1,-1,QC_LBS_Kab_Pandeglang_Iden,AOI2,-1,-1,Sawah_Perbaikan_Kab_Solok_Selatan_Iden,AOI2,-1,-1,QC_LBS_Kota_Padang_Panjang_Iden,AOI2,-1,-1;LBS "LBS" true true false 50 Text 0 0 ,First,#,Sawah_Perbaikan_Kabupaten_Bima_Iden,LBS,-1,-1,T02_Sawah_Perbaikan_Kabupaten_Mojokerto_Iden,LBS,-1,-1,T02_Sawah_Perbaikan_Kabupaten_Magetan_Iden,LBS,-1,-1,Sawah_Perbaikan_Kabupaten_Madiun_Iden,LBS,-1,-1,Sawah_Perbaikan_Kabupaten_Jombang_Iden,LBS,-1,-1,Sawah_Perbaikan_Kabupaten_Bondowoso_Iden,LBS,-1,-1,Sawah_Perbaikan_Kab_Ponorogo_Iden,LBS,-1,-1,Sawah_Perbaikan_Kabupaten_Pacitan_Iden,LBS,-1,-1,T02_Sawah_Perbaikan_Kabupaten_Nganjuk_Iden,LBS,-1,-1,Sawah_Perbaikan_Kota_Salatiga_Iden,LBS,-1,-1,Sawah_Perbaikan_Kabupaten_Demak_Iden,LBS,-1,-1,Sawah_Perbaikan_Kabupaten_Boyolali_Iden,LBS,-1,-1,QC_LBS_Kab_Tasikmalaya_Iden,LBS,-1,-1,Sawah_Perbaikan_Kabupaten_Cianjur_Iden,LBS,-1,-1,Sawah_Perbaikan_Kabupaten_Bogor_Iden,LBS,-1,-1,Sawah_Perbaikan_Kabupaten_Tangerang_Iden,LBS,-1,-1,QC_LBS_Kab_Pandeglang_Iden,LBS,-1,-1,Sawah_Perbaikan_Kab_Solok_Selatan_Iden,LBS,-1,-1,QC_LBS_Kota_Padang_Panjang_Iden,LBS,-1,-1;Update2021 "Update2021" true true false 60 Text 0 0 ,First,#,Sawah_Perbaikan_Kabupaten_Bima_Iden,Update2021,-1,-1,T02_Sawah_Perbaikan_Kabupaten_Mojokerto_Iden,Update2021,-1,-1,T02_Sawah_Perbaikan_Kabupaten_Magetan_Iden,Update2021,-1,-1,Sawah_Perbaikan_Kabupaten_Madiun_Iden,Update2021,-1,-1,Sawah_Perbaikan_Kabupaten_Jombang_Iden,Update2021,-1,-1,Sawah_Perbaikan_Kabupaten_Bondowoso_Iden,Update2021,-1,-1,Sawah_Perbaikan_Kab_Ponorogo_Iden,Update2021,-1,-1,Sawah_Perbaikan_Kabupaten_Pacitan_Iden,Update2021,-1,-1,T02_Sawah_Perbaikan_Kabupaten_Nganjuk_Iden,Update2021,-1,-1,Sawah_Perbaikan_Kota_Salatiga_Iden,Update2021,-1,-1,Sawah_Perbaikan_Kabupaten_Demak_Iden,Update2021,-1,-1,Sawah_Perbaikan_Kabupaten_Boyolali_Iden,Update2021,-1,-1,QC_LBS_Kab_Tasikmalaya_Iden,Update2021,-1,-1,Sawah_Perbaikan_Kabupaten_Cianjur_Iden,Update2021,-1,-1,Sawah_Perbaikan_Kabupaten_Bogor_Iden,Update2021,-1,-1,Sawah_Perbaikan_Kabupaten_Tangerang_Iden,Update2021,-1,-1,QC_LBS_Kab_Pandeglang_Iden,Update2021,-1,-1,Sawah_Perbaikan_Kab_Solok_Selatan_Iden,Update2021,-1,-1,QC_LBS_Kota_Padang_Panjang_Iden,Update2021,-1,-1;WADMKK "Nama wilayah administrasi Kebupaten/ Kota" true true false 50 Text 0 0 ,First,#,Sawah_Perbaikan_Kabupaten_Bima_Iden,WADMKK,-1,-1,T02_Sawah_Perbaikan_Kabupaten_Mojokerto_Iden,WADMKK,-1,-1,T02_Sawah_Perbaikan_Kabupaten_Magetan_Iden,WADMKK,-1,-1,Sawah_Perbaikan_Kabupaten_Madiun_Iden,WADMKK,-1,-1,Sawah_Perbaikan_Kabupaten_Jombang_Iden,WADMKK,-1,-1,Sawah_Perbaikan_Kabupaten_Bondowoso_Iden,WADMKK,-1,-1,Sawah_Perbaikan_Kab_Ponorogo_Iden,WADMKK,-1,-1,Sawah_Perbaikan_Kabupaten_Pacitan_Iden,WADMKK,-1,-1,T02_Sawah_Perbaikan_Kabupaten_Nganjuk_Iden,WADMKK,-1,-1,Sawah_Perbaikan_Kota_Salatiga_Iden,WADMKK,-1,-1,Sawah_Perbaikan_Kabupaten_Demak_Iden,WADMKK,-1,-1,Sawah_Perbaikan_Kabupaten_Boyolali_Iden,WADMKK,-1,-1,QC_LBS_Kab_Tasikmalaya_Iden,WADMKK,-1,-1,Sawah_Perbaikan_Kabupaten_Cianjur_Iden,WADMKK,-1,-1,Sawah_Perbaikan_Kabupaten_Bogor_Iden,WADMKK,-1,-1,Sawah_Perbaikan_Kabupaten_Tangerang_Iden,WADMKK,-1,-1,QC_LBS_Kab_Pandeglang_Iden,WADMKK,-1,-1,Sawah_Perbaikan_Kab_Solok_Selatan_Iden,WADMKK,-1,-1,QC_LBS_Kota_Padang_Panjang_Iden,WADMKK,-1,-1;WADMPR "Nama wilayah administrasi Propinsi" true true false 50 Text 0 0 ,First,#,Sawah_Perbaikan_Kabupaten_Bima_Iden,WADMPR,-1,-1,T02_Sawah_Perbaikan_Kabupaten_Mojokerto_Iden,WADMPR,-1,-1,T02_Sawah_Perbaikan_Kabupaten_Magetan_Iden,WADMPR,-1,-1,Sawah_Perbaikan_Kabupaten_Madiun_Iden,WADMPR,-1,-1,Sawah_Perbaikan_Kabupaten_Jombang_Iden,WADMPR,-1,-1,Sawah_Perbaikan_Kabupaten_Bondowoso_Iden,WADMPR,-1,-1,Sawah_Perbaikan_Kab_Ponorogo_Iden,WADMPR,-1,-1,Sawah_Perbaikan_Kabupaten_Pacitan_Iden,WADMPR,-1,-1,T02_Sawah_Perbaikan_Kabupaten_Nganjuk_Iden,WADMPR,-1,-1,Sawah_Perbaikan_Kota_Salatiga_Iden,WADMPR,-1,-1,Sawah_Perbaikan_Kabupaten_Demak_Iden,WADMPR,-1,-1,Sawah_Perbaikan_Kabupaten_Boyolali_Iden,WADMPR,-1,-1,QC_LBS_Kab_Tasikmalaya_Iden,WADMPR,-1,-1,Sawah_Perbaikan_Kabupaten_Cianjur_Iden,WADMPR,-1,-1,Sawah_Perbaikan_Kabupaten_Bogor_Iden,WADMPR,-1,-1,Sawah_Perbaikan_Kabupaten_Tangerang_Iden,WADMPR,-1,-1,QC_LBS_Kab_Pandeglang_Iden,WADMPR,-1,-1,Sawah_Perbaikan_Kab_Solok_Selatan_Iden,WADMPR,-1,-1,QC_LBS_Kota_Padang_Panjang_Iden,WADMPR,-1,-1"</Process><Process ToolSource="c:\program files (x86)\arcgis\desktop10.3\ArcToolbox\Toolboxes\Data Management Tools.tbx\CalculateField" Date="20210531" Time="095039">CalculateField Merge_BIG WADMKK "Bima" VB #</Process><Process ToolSource="c:\program files (x86)\arcgis\desktop10.3\ArcToolbox\Toolboxes\Data Management Tools.tbx\CalculateField" Date="20210531" Time="095104">CalculateField Merge_BIG WADMPR "Nusa Tenggara Barat" VB #</Process><Process ToolSource="c:\program files (x86)\arcgis\desktop10.3\ArcToolbox\Toolboxes\Conversion Tools.tbx\FeatureClassToFeatureClass" Date="20210531" Time="100226">FeatureClassToFeatureClass Merge_BIG "D:\00 Klarifikasi\00 Klarifikasi 8 Provinsi\00 Pengolahan 21012021\02 Data Sawah Perbaikan Hasil QC\Hasil Rekap\Pengolahan_30052021.gdb\Sawah_Perbaikan_52KabKota" Merge_BIG # "Luas_Ha "Luas_Ha" true true false 19 Double 0 0 ,First,#,Merge_BIG,Luas_Ha,-1,-1;AOI2 "AOI2" true true false 50 Text 0 0 ,First,#,Merge_BIG,AOI2,-1,-1;LBS "LBS" true true false 50 Text 0 0 ,First,#,Merge_BIG,LBS,-1,-1;Update2021 "Update2021" true true false 60 Text 0 0 ,First,#,Merge_BIG,Update2021,-1,-1;WADMKK "WADMKK" true true false 50 Text 0 0 ,First,#,Merge_BIG,WADMKK,-1,-1;WADMPR "WADMPR" true true false 50 Text 0 0 ,First,#,Merge_BIG,WADMPR,-1,-1" #</Process><Process ToolSource="c:\program files (x86)\arcgis\desktop10.3\ArcToolbox\Toolboxes\Data Management Tools.tbx\Merge" Date="20210531" Time="100449">Merge Merge_BIG;Merge_ATR;Merge_Menko "D:\00 Klarifikasi\00 Klarifikasi 8 Provinsi\00 Pengolahan 21012021\02 Data Sawah Perbaikan Hasil QC\Hasil Rekap\Pengolahan_30052021.gdb\Sawah_Perbaikan_52KabKota\Sawah_Perbaikan_52KabKota" "Luas_Ha "Luas_Ha" true true false 8 Double 0 0 ,First,#,Merge_BIG,Luas_Ha,-1,-1,Merge_ATR,Luas_Ha,-1,-1,Merge_Menko,Luas_Ha,-1,-1;AOI2 "AOI2" true true false 50 Text 0 0 ,First,#,Merge_BIG,AOI2,-1,-1,Merge_ATR,AOI2,-1,-1,Merge_Menko,AOI2,-1,-1;LBS "LBS" true true false 50 Text 0 0 ,First,#,Merge_BIG,LBS,-1,-1,Merge_ATR,LBS,-1,-1,Merge_Menko,LBS,-1,-1;Update2021 "Update2021" true true false 60 Text 0 0 ,First,#,Merge_BIG,Update2021,-1,-1,Merge_ATR,Update2021,-1,-1,Merge_Menko,Update2021,-1,-1;WADMKK "WADMKK" true true false 50 Text 0 0 ,First,#,Merge_BIG,WADMKK,-1,-1,Merge_ATR,WADMKK,-1,-1,Merge_Menko,WADMKK,-1,-1;WADMPR "WADMPR" true true false 50 Text 0 0 ,First,#,Merge_BIG,WADMPR,-1,-1,Merge_ATR,WADMPR,-1,-1,Merge_Menko,WADMPR,-1,-1"</Process><Process ToolSource="c:\program files (x86)\arcgis\desktop10.3\ArcToolbox\Toolboxes\Data Management Tools.tbx\DeleteIdentical" Date="20210531" Time="102649">DeleteIdentical Sawah_Perbaikan_52KabKota Luas_Ha # 0</Process><Process ToolSource="c:\program files (x86)\arcgis\desktop10.3\ArcToolbox\Toolboxes\Data Management Tools.tbx\Merge" Date="20210607" Time="141458">Merge Sawah_Perbaikan_52KabKota;Cek_Eror_99_Kab_Kota_Update "D:\00 Klarifikasi\00 Klarifikasi 8 Provinsi\00 Pengolahan 21012021\02 Data Sawah Perbaikan Hasil QC\00 Hasil Rekap\Pengolahan_30052021.gdb\Sawah_Perbaikan_151_KabKot_07062021" "Luas_Ha "Luas_Ha" true true false 8 Double 0 0 ,First,#,Sawah_Perbaikan_52KabKota,Luas_Ha,-1,-1,Cek_Eror_99_Kab_Kota_Update,Luas_Ha,-1,-1;AOI2 "AOI2" true true false 50 Text 0 0 ,First,#,Sawah_Perbaikan_52KabKota,AOI2,-1,-1,Cek_Eror_99_Kab_Kota_Update,AOI2,-1,-1;LBS "LBS" true true false 50 Text 0 0 ,First,#,Sawah_Perbaikan_52KabKota,LBS,-1,-1,Cek_Eror_99_Kab_Kota_Update,LBS,-1,-1;Update2021 "Update2021" true true false 60 Text 0 0 ,First,#,Sawah_Perbaikan_52KabKota,Update2021,-1,-1,Cek_Eror_99_Kab_Kota_Update,Update2021,-1,-1;WADMKK "WADMKK" true true false 50 Text 0 0 ,First,#,Sawah_Perbaikan_52KabKota,WADMKK,-1,-1,Cek_Eror_99_Kab_Kota_Update,WADMKK,-1,-1;WADMPR "WADMPR" true true false 50 Text 0 0 ,First,#,Sawah_Perbaikan_52KabKota,WADMPR,-1,-1,Cek_Eror_99_Kab_Kota_Update,WADMPR,-1,-1"</Process><Process ToolSource="c:\program files (x86)\arcgis\desktop10.3\ArcToolbox\Toolboxes\Conversion Tools.tbx\FeatureClassToFeatureClass" Date="20210607" Time="142325">FeatureClassToFeatureClass Sawah_Perbaikan_151_KabKot_07062021 "D:\00 Klarifikasi\00 Klarifikasi 8 Provinsi\00 Pengolahan 21012021\02 Data Sawah Perbaikan Hasil QC\00 Hasil Rekap\Pengolahan_30052021.gdb\Cek_Eror_151_07062021" Cek_Eror_151_07062021 # "Luas_Ha "Luas_Ha" true true false 8 Double 0 0 ,First,#,Sawah_Perbaikan_151_KabKot_07062021,Luas_Ha,-1,-1;AOI2 "AOI2" true true false 50 Text 0 0 ,First,#,Sawah_Perbaikan_151_KabKot_07062021,AOI2,-1,-1;LBS "LBS" true true false 50 Text 0 0 ,First,#,Sawah_Perbaikan_151_KabKot_07062021,LBS,-1,-1;Update2021 "Update2021" true true false 100 Text 0 0 ,First,#,Sawah_Perbaikan_151_KabKot_07062021,Update2021,-1,-1;WADMKK "WADMKK" true true false 50 Text 0 0 ,First,#,Sawah_Perbaikan_151_KabKot_07062021,WADMKK,-1,-1;WADMPR "WADMPR" true true false 50 Text 0 0 ,First,#,Sawah_Perbaikan_151_KabKot_07062021,WADMPR,-1,-1;Shape_Length "Shape_Length" false true true 8 Double 0 0 ,First,#,Sawah_Perbaikan_151_KabKot_07062021,Shape_Length,-1,-1;Shape_Area "Shape_Area" false true true 8 Double 0 0 ,First,#,Sawah_Perbaikan_151_KabKot_07062021,Shape_Area,-1,-1" #</Process><Process ToolSource="c:\program files (x86)\arcgis\desktop10.3\ArcToolbox\Toolboxes\Data Management Tools.tbx\DeleteIdentical" Date="20210607" Time="144944">DeleteIdentical Cek_Eror_151_07062021 Luas_Ha # 0</Process><Process ToolSource="c:\program files (x86)\arcgis\desktop10.3\ArcToolbox\Toolboxes\Data Management Tools.tbx\CalculateField" Date="20210607" Time="172052">CalculateField Cek_Eror_151_07062021 Update2021 "Lahan sawah menjadi lahan non-sawah selain lahan terbangun" VB #</Process><Process ToolSource="c:\program files (x86)\arcgis\desktop10.3\ArcToolbox\Toolboxes\Data Management Tools.tbx\CalculateField" Date="20210607" Time="172356">CalculateField Cek_Eror_151_07062021 Update2021 "Lahan sawah menjadi lahan non-sawah selain lahan terbangun" VB #</Process><Process ToolSource="c:\program files (x86)\arcgis\desktop10.3\ArcToolbox\Toolboxes\Data Management Tools.tbx\CalculateField" Date="20210607" Time="172547">CalculateField Cek_Eror_151_07062021 Update2021 "Lahan sawah menjadi lahan terbangun" VB #</Process><Process ToolSource="c:\program files (x86)\arcgis\desktop10.3\ArcToolbox\Toolboxes\Data Management Tools.tbx\CalculateField" Date="20210607" Time="172841">CalculateField Cek_Eror_151_07062021 Update2021 "Lahan sawah tetap menjadi lahan sawah" VB #</Process><Process ToolSource="c:\program files (x86)\arcgis\desktop10.3\ArcToolbox\Toolboxes\Data Management Tools.tbx\CalculateField" Date="20210607" Time="185617">CalculateField Cek_Eror_151_07062021 Update2021 "Penggunaan lahan lain menjadi lahan sawah" VB #</Process><Process ToolSource="c:\program files (x86)\arcgis\desktop10.3\ArcToolbox\Toolboxes\Analysis Tools.tbx\Update" Date="20210608" Time="124152">Update Sawah_Perbaikan_QC_151_KabKota T02_Sawah_Perbaikan_Kota_Blitar_rev "D:\00 Klarifikasi\00 Klarifikasi 8 Provinsi\00 Pengolahan 21012021\02 Data Sawah Perbaikan Hasil QC\00 Hasil Rekap\Sawah_Perbaikan_07062021.gdb\Sawah_Perbaikan_QC_151_KabKota_Update_Kota_Blitar" BORDERS #</Process><Process ToolSource="c:\program files (x86)\arcgis\desktop10.3\ArcToolbox\Toolboxes\Conversion Tools.tbx\FeatureClassToFeatureClass" Date="20210608" Time="125056">FeatureClassToFeatureClass Sawah_Perbaikan_QC_151_KabKota_Update_Kota_Blitar "D:\00 Klarifikasi\00 Klarifikasi 8 Provinsi\00 Pengolahan 21012021\02 Data Sawah Perbaikan Hasil QC\00 Hasil Rekap\Sawah_Perbaikan_07062021.gdb\Cek_Eror_151_Update_Blitar" Cek_Eror_151_Update_Blitar # "Luas_Ha "Luas_Ha" true true false 8 Double 0 0 ,First,#,Sawah_Perbaikan_QC_151_KabKota_Update_Kota_Blitar,Luas_Ha,-1,-1;AOI2 "AOI2" true true false 50 Text 0 0 ,First,#,Sawah_Perbaikan_QC_151_KabKota_Update_Kota_Blitar,AOI2,-1,-1;LBS "LBS" true true false 50 Text 0 0 ,First,#,Sawah_Perbaikan_QC_151_KabKota_Update_Kota_Blitar,LBS,-1,-1;Update2021 "Update2021" true true false 100 Text 0 0 ,First,#,Sawah_Perbaikan_QC_151_KabKota_Update_Kota_Blitar,Update2021,-1,-1;WADMKK "WADMKK" true true false 50 Text 0 0 ,First,#,Sawah_Perbaikan_QC_151_KabKota_Update_Kota_Blitar,WADMKK,-1,-1;WADMPR "WADMPR" true true false 50 Text 0 0 ,First,#,Sawah_Perbaikan_QC_151_KabKota_Update_Kota_Blitar,WADMPR,-1,-1;Shape_Length "Shape_Length" false true true 8 Double 0 0 ,First,#,Sawah_Perbaikan_QC_151_KabKota_Update_Kota_Blitar,Shape_Length,-1,-1;Shape_Area "Shape_Area" false true true 8 Double 0 0 ,First,#,Sawah_Perbaikan_QC_151_KabKota_Update_Kota_Blitar,Shape_Area,-1,-1" #</Process><Process ToolSource="c:\program files (x86)\arcgis\desktop10.3\ArcToolbox\Toolboxes\Data Management Tools.tbx\CalculateField" Date="20210608" Time="161532">CalculateField Sawah_Perbaikan_QC_151_KabKota Update2021 "Lahan sawah menjadi lahan terbangun" VB #</Process><Process ToolSource="c:\program files (x86)\arcgis\desktop10.3\ArcToolbox\Toolboxes\Data Management Tools.tbx\CalculateField" Date="20210608" Time="161758">CalculateField Sawah_Perbaikan_QC_151_KabKota Update2021 "Penggunaan lahan lain menjadi lahan sawah" VB #</Process><Process ToolSource="c:\program files (x86)\arcgis\desktop10.3\ArcToolbox\Toolboxes\Data Management Tools.tbx\CalculateField" Date="20210608" Time="161837">CalculateField Sawah_Perbaikan_QC_151_KabKota Update2021 "Lahan sawah menjadi lahan non-sawah selain lahan terbangun" VB #</Process><Process ToolSource="c:\program files (x86)\arcgis\desktop10.3\ArcToolbox\Toolboxes\Data Management Tools.tbx\CalculateField" Date="20210608" Time="162045">CalculateField Sawah_Perbaikan_QC_151_KabKota Update2021 "Lahan sawah tetap menjadi lahan sawah" VB #</Process><Process ToolSource="c:\program files (x86)\arcgis\desktop10.3\ArcToolbox\Toolboxes\Data Management Tools.tbx\CalculateField" Date="20210617" Time="143840">CalculateField Sawah_Perbaikan_QC_151_KabKota WADMPR "Jawa Timur" VB #</Process><Process ToolSource="c:\program files (x86)\arcgis\desktop10.3\ArcToolbox\Toolboxes\Analysis Tools.tbx\Identity" Date="20210630" Time="212833">Identity Sawah_Perbaikan_QC_151_KabKota Merge_Update_Koreksi_Baselin_Kab_Bantul_dan_Kab_Solok "D:\00 Klarifikasi\00 Klarifikasi 8 Provinsi\00 Pengolahan 21012021\02 Data Sawah Perbaikan Hasil QC\00 Hasil Rekap\Pengolahan_30062021.gdb\Sawah_Perbaikan_8_Provinsi_30062021" ALL # NO_RELATIONSHIPS</Process><Process ToolSource="c:\program files (x86)\arcgis\desktop10.3\ArcToolbox\Toolboxes\Data Management Tools.tbx\CalculateField" Date="20210701" Time="074054">CalculateField Sawah_Perbaikan_8_Provinsi_30062021 Update2021 [Update2021_1] VB #</Process><Process ToolSource="c:\program files (x86)\arcgis\desktop10.3\ArcToolbox\Toolboxes\Data Management Tools.tbx\CalculateField" Date="20210701" Time="074122">CalculateField Sawah_Perbaikan_8_Provinsi_30062021 Update2021 "Lahan sawah menjadi lahan terbangun" VB #</Process><Process ToolSource="c:\program files (x86)\arcgis\desktop10.3\ArcToolbox\Toolboxes\Analysis Tools.tbx\Identity" Date="20210701" Time="144149">Identity Sawah_Perbaikan_8_Provinsi_30062021 ADMINISTRASI_AR_KABKOTA_V1 "D:\00 Klarifikasi\00 Klarifikasi 8 Provinsi\00 Pengolahan 21012021\02 Data Sawah Perbaikan Hasil QC\00 Hasil Rekap\Pengolahan_30062021.gdb\Sawah_Perbaikan_Iden_Admin_30062021" ALL # NO_RELATIONSHIPS</Process><Process ToolSource="c:\program files (x86)\arcgis\desktop10.3\ArcToolbox\Toolboxes\Analysis Tools.tbx\Identity" Date="20210701" Time="160831">Identity Sawah_Perbaikan_Iden_Admin_30062021 Kawasan_Hutan_Des_2020_Merge "D:\00 Klarifikasi\00 Klarifikasi 8 Provinsi\00 Pengolahan 21012021\02 Data Sawah Perbaikan Hasil QC\00 Hasil Rekap\Pengolahan_30062021.gdb\Sawah_Perbaikan_Iden_Admin_Hutan_30062021" ALL # NO_RELATIONSHIPS</Process><Process ToolSource="c:\program files (x86)\arcgis\desktop10.3\ArcToolbox\Toolboxes\Analysis Tools.tbx\Identity" Date="20210701" Time="180927">Identity Sawah_Perbaikan_Iden_Admin_Hutan_30062021 FP_8_Provinsi_Dissolve_Benar "D:\00 Klarifikasi\00 Klarifikasi 8 Provinsi\00 Pengolahan 21012021\02 Data Sawah Perbaikan Hasil QC\00 Hasil Rekap\Pengolahan_30062021.gdb\Sawah_Perbaikan_Iden_Admin_Hutan_FP_30062021" ALL # NO_RELATIONSHIPS</Process><Process ToolSource="c:\program files (x86)\arcgis\desktop10.3\ArcToolbox\Toolboxes\Data Management Tools.tbx\CalculateField" Date="20210702" Time="082610">CalculateField Sawah_Perbaikan_Iden_Admin_Hutan_FP_30062021 FPGAB2 "HM Perumahan" VB #</Process><Process ToolSource="c:\program files (x86)\arcgis\desktop10.3\ArcToolbox\Toolboxes\Data Management Tools.tbx\CalculateField" Date="20210702" Time="083054">CalculateField Sawah_Perbaikan_Iden_Admin_Hutan_FP_30062021 LSD "FP" VB #</Process><Process ToolSource="c:\program files (x86)\arcgis\desktop10.3\ArcToolbox\Toolboxes\Data Management Tools.tbx\CalculateField" Date="20210702" Time="083331">CalculateField Sawah_Perbaikan_Iden_Admin_Hutan_FP_30062021 LSD "FP" VB #</Process><Process ToolSource="c:\program files (x86)\arcgis\desktop10.3\ArcToolbox\Toolboxes\Data Management Tools.tbx\CalculateField" Date="20210702" Time="083402">CalculateField Sawah_Perbaikan_Iden_Admin_Hutan_FP_30062021 LSD "FP" VB #</Process><Process ToolSource="c:\program files (x86)\arcgis\desktop10.3\ArcToolbox\Toolboxes\Data Management Tools.tbx\CalculateField" Date="20210702" Time="083437">CalculateField Sawah_Perbaikan_Iden_Admin_Hutan_FP_30062021 LSD "FP" VB #</Process><Process ToolSource="c:\program files (x86)\arcgis\desktop10.3\ArcToolbox\Toolboxes\Data Management Tools.tbx\CalculateField" Date="20210702" Time="083842">CalculateField Sawah_Perbaikan_Iden_Admin_Hutan_FP_30062021 LSD "Koreksi" VB #</Process><Process ToolSource="c:\program files (x86)\arcgis\desktop10.3\ArcToolbox\Toolboxes\Data Management Tools.tbx\CalculateField" Date="20210702" Time="123613">CalculateField Sawah_Perbaikan_Iden_Admin_Hutan_FP_30062021 LSD "LSD" VB #</Process><Process ToolSource="c:\program files (x86)\arcgis\desktop10.3\ArcToolbox\Toolboxes\Data Management Tools.tbx\Dissolve" Date="20210729" Time="161957">Dissolve Usulan_LSD_NTB_30062021 "D:\00 Klarifikasi\00 Klarifikasi 8 Provinsi\00 Pengolahan 21012021\07 Pengolahan 21062021\Sawah Iden FP 8 Provinsi per 30062021\Usulan_LSD_NTB_30062021_Diss.shp" NAMOBJ;WADMKK;WADMPR;Hutan;LSD # MULTI_PART DISSOLVE_LINES</Process><Process ToolSource="c:\program files (x86)\arcgis\desktop10.3\ArcToolbox\Toolboxes\Data Management Tools.tbx\CalculateField" Date="20210915" Time="141443">CalculateField Usulan_LSD_NTB_30062021_Diss LSD "Slivr" VB #</Process><Process Name="Delete Field (8)" ToolSource="c:\program files (x86)\arcgis\desktop10.3\ArcToolbox\Toolboxes\Data Management Tools.tbx\DeleteField" Date="20211129" Time="172347">DeleteField LSD_NTB NAMOBJ;WADMKK;WADMPR</Process><Process Name="Identity (8)" ToolSource="c:\program files (x86)\arcgis\desktop10.3\ArcToolbox\Toolboxes\Analysis Tools.tbx\Identity" Date="20211129" Time="172441">Identity LSD_NTB ADMINISTRASI_AR_KABKOTA "D:\00 Klarifikasi\00 Klarifikasi 8 Provinsi\00 Pengolahan 21012021\07 Pengolahan 21062021\Sawah Iden FP 8 Provinsi per 30062021\LSD 29112021\LSD_NTB_Iden_Admin.shp" ALL # NO_RELATIONSHIPS</Process><Process ToolSource="c:\program files (x86)\arcgis\desktop10.3\ArcToolbox\Toolboxes\Data Management Tools.tbx\Project" Date="20211229" Time="151735">Project LSD_NTB_Iden_Admin "D:\00 Klarifikasi\00 Klarifikasi 8 Provinsi\00 Pengolahan 21012021\07 Pengolahan 21062021\Sawah Iden FP 8 Provinsi per 30062021\LSD 29112021\LSD 8 Provinsi WGS\LSD_Provinsi_NTB.shp" GEOGCS['GCS_WGS_1984',DATUM['D_WGS_1984',SPHEROID['WGS_1984',6378137.0,298.257223563]],PRIMEM['Greenwich',0.0],UNIT['Degree',0.0174532925199433]] # PROJCS['World_Cylindrical_Equal_Area',GEOGCS['GCS_WGS_1984',DATUM['D_WGS_1984',SPHEROID['WGS_1984',6378137.0,298.257223563]],PRIMEM['Greenwich',0.0],UNIT['Degree',0.0174532925199433]],PROJECTION['Cylindrical_Equal_Area'],PARAMETER['False_Easting',0.0],PARAMETER['False_Northing',0.0],PARAMETER['Central_Meridian',0.0],PARAMETER['Standard_Parallel_1',0.0],UNIT['Meter',1.0]] NO_PRESERVE_SHAPE #</Process><Process ToolSource="c:\program files (x86)\arcgis\desktop10.6\ArcToolbox\Toolboxes\Conversion Tools.tbx\FeatureClassToFeatureClass" Date="20211229" Time="200045">FeatureClassToFeatureClass "C:\Moncos\ESHAPE\LSD 29112021\LSD 8 Provinsi WGS\LSD_Provinsi_NTB.shp" "C:\Moncos\ESHAPE\LSD 29112021\LSD 8 Provinsi WGS\LSD_8_Provinsi.gdb\Provinsi_Nusa_Tenggara_Barat" LSD_Provinsi_Nusa_Tenggara_Barat # "LSD "Lahan Sawah yang Dilindungi" true true false 100 Text 0 0 ,First,#,C:\Moncos\ESHAPE\LSD 29112021\LSD 8 Provinsi WGS\LSD_Provinsi_NTB.shp,LSD,-1,-1;HUTAN "Fungsi Kawasan Hutan" true true false 50 Text 0 0 ,First,#,C:\Moncos\ESHAPE\LSD 29112021\LSD 8 Provinsi WGS\LSD_Provinsi_NTB.shp,Hutan,-1,-1;PROVINSI "Provinsi" true true false 50 Text 0 0 ,First,#,C:\Moncos\ESHAPE\LSD 29112021\LSD 8 Provinsi WGS\LSD_Provinsi_NTB.shp,WADMPR,-1,-1;KABUPATEN "Kabupaten" true true false 50 Text 0 0 ,First,#,C:\Moncos\ESHAPE\LSD 29112021\LSD 8 Provinsi WGS\LSD_Provinsi_NTB.shp,WADMKK,-1,-1;LUAS "Luas" true true false 19 Double 0 0 ,First,#,C:\Moncos\ESHAPE\LSD 29112021\LSD 8 Provinsi WGS\LSD_Provinsi_NTB.shp,Luas_Ha,-1,-1" #</Process><Process ToolSource="c:\program files (x86)\arcgis\desktop10.6\ArcToolbox\Toolboxes\Data Management Tools.tbx\CalculateField" Date="20211229" Time="200446">CalculateField LSD_Provinsi_Nusa_Tenggara_Barat LSD "Lahan Sawah yang Dilindungi di Luar Kawasan Hutan" VB #</Process><Process ToolSource="c:\program files (x86)\arcgis\desktop10.6\ArcToolbox\Toolboxes\Data Management Tools.tbx\CalculateField" Date="20211229" Time="200517">CalculateField LSD_Provinsi_Nusa_Tenggara_Barat LSD "Lahan Sawah yang Dilindungi di Dalam Kawasan Hutan" VB #</Process><Process ToolSource="c:\program files\arcgis\pro\Resources\ArcToolbox\toolboxes\Data Management Tools.tbx\Merge" Date="20251107" Time="032720">Merge Bima;Dompu;Kota_Bima;Kota_Mataram;Lombok_Barat;Lombok_Tengah;Lombok_Timur;Lombok_Utara;Sumbawa;Sumbawa_Barat "C:\Users\kkhol\Downloads\Data_Tematik\LSD NTB\LSD.shp" "LSD "LSD" true true false 100 Text 0 0,First,#,Bima,LSD,0,99,Dompu,LSD,0,99,Kota_Bima,LSD,0,99,Kota_Mataram,LSD,0,99,Lombok_Barat,LSD,0,99,Lombok_Tengah,LSD,0,99,Lombok_Timur,LSD,0,99,Lombok_Utara,LSD,0,99,Sumbawa,LSD,0,99,Sumbawa_Barat,LSD,0,99;HUTAN "HUTAN" true true false 50 Text 0 0,First,#,Bima,HUTAN,0,49,Dompu,HUTAN,0,49,Kota_Bima,HUTAN,0,49,Kota_Mataram,HUTAN,0,49,Lombok_Barat,HUTAN,0,49,Lombok_Tengah,HUTAN,0,49,Lombok_Timur,HUTAN,0,49,Lombok_Utara,HUTAN,0,49,Sumbawa,HUTAN,0,49,Sumbawa_Barat,HUTAN,0,49;PROVINSI "PROVINSI" true true false 50 Text 0 0,First,#,Bima,PROVINSI,0,49,Dompu,PROVINSI,0,49,Kota_Bima,PROVINSI,0,49,Kota_Mataram,PROVINSI,0,49,Lombok_Barat,PROVINSI,0,49,Lombok_Tengah,PROVINSI,0,49,Lombok_Timur,PROVINSI,0,49,Lombok_Utara,PROVINSI,0,49,Sumbawa,PROVINSI,0,49;KABUPATEN "KABUPATEN" true true false 50 Text 0 0,First,#,Bima,KABUPATEN,0,49,Dompu,KABUPATEN,0,49,Kota_Bima,KABUPATEN,0,49,Kota_Mataram,KABUPATEN,0,49,Lombok_Barat,KABUPATEN,0,49,Lombok_Tengah,KABUPATEN,0,49,Lombok_Timur,KABUPATEN,0,49,Lombok_Utara,KABUPATEN,0,49,Sumbawa,KABUPATEN,0,49;LUAS "LUAS" true true false 8 Double 0 0,First,#,Bima,LUAS,-1,-1,Dompu,LUAS,-1,-1,Kota_Bima,LUAS,-1,-1,Kota_Mataram,LUAS,-1,-1,Lombok_Barat,LUAS,-1,-1,Lombok_Tengah,LUAS,-1,-1,Lombok_Timur,LUAS,-1,-1,Lombok_Utara,LUAS,-1,-1,Sumbawa,LUAS,-1,-1;Shape_Leng "Shape_Leng" true true false 8 Double 0 0,First,#,Bima,Shape_Leng,-1,-1,Dompu,Shape_Leng,-1,-1,Kota_Bima,Shape_Leng,-1,-1,Kota_Mataram,Shape_Leng,-1,-1,Lombok_Barat,Shape_Leng,-1,-1,Lombok_Tengah,Shape_Leng,-1,-1,Lombok_Timur,Shape_Leng,-1,-1,Lombok_Utara,Shape_Leng,-1,-1,Sumbawa,Shape_Leng,-1,-1;CETAKSWH "CETAKSWH" true true false 50 Text 0 0,First,#,Bima,CETAKSWH,0,49,Dompu,CETAKSWH,0,49,Kota_Bima,CETAKSWH,0,49,Kota_Mataram,CETAKSWH,0,49,Lombok_Barat,CETAKSWH,0,49,Lombok_Tengah,CETAKSWH,0,49,Lombok_Timur,CETAKSWH,0,49,Lombok_Utara,CETAKSWH,0,49,Sumbawa,CETAKSWH,0,49;METADATA "METADATA" true true false 50 Text 0 0,First,#,Bima,METADATA,0,49,Dompu,METADATA,0,49,Kota_Bima,METADATA,0,49,Kota_Mataram,METADATA,0,49,Lombok_Barat,METADATA,0,49,Lombok_Tengah,METADATA,0,49,Lombok_Timur,METADATA,0,49,Lombok_Utara,METADATA,0,49,Sumbawa,METADATA,0,49" NO_SOURCE_INFO MANUAL_EDIT</Process></lineage><copyHistory><copy source="D:\_0DATA LAHAN DESEMBER 2019\Sawah_NTB_271119_CEA_230334\Sawah_NTB_271119_CEA_234542Ha" dest="\\USER\I\_0LBS_2019\Sawah_NTB_271119_CEA_234542Ha" date="20191129" time="14134300"></copy></copyHistory></DataProperties><SyncDate>20251107</SyncDate><SyncTime>03271700</SyncTime><ModDate>20251107</ModDate><ModTime>03271700</ModTime></Esri><dataIdInfo><envirDesc Sync="TRUE">Microsoft Windows 10 Version 10.0 (Build 26200) ; Esri ArcGIS 13.5.0.57366</envirDesc><dataLang><languageCode value="eng" Sync="TRUE"></languageCode><countryCode value="USA" Sync="TRUE"></countryCode></dataLang><idCitation><resTitle Sync="TRUE">LSD</resTitle><presForm><PresFormCd value="005" Sync="TRUE"></PresFormCd></presForm></idCitation><spatRpType><SpatRepTypCd value="001" Sync="TRUE"></SpatRepTypCd></spatRpType></dataIdInfo><mdLang><languageCode value="eng" Sync="TRUE"></languageCode><countryCode value="USA" Sync="TRUE"></countryCode></mdLang><distInfo><distFormat><formatName Sync="TRUE">Shapefile</formatName></distFormat><distTranOps><transSize Sync="TRUE">0.000</transSize></distTranOps></distInfo><mdHrLv><ScopeCd value="005" Sync="TRUE"></ScopeCd></mdHrLv><mdHrLvName Sync="TRUE">dataset</mdHrLvName><refSysInfo><RefSystem><refSysID><identCode code="4326" Sync="TRUE" value="54034"></identCode><idCodeSpace Sync="TRUE">EPSG</idCodeSpace><idVersion Sync="TRUE">6.2(3.0.1)</idVersion></refSysID></RefSystem></refSysInfo><spatRepInfo><VectSpatRep><geometObjs Name="LSD"><geoObjTyp><GeoObjTypCd value="002" Sync="TRUE"></GeoObjTypCd></geoObjTyp><geoObjCnt Sync="TRUE">0</geoObjCnt></geometObjs><topLvl><TopoLevCd value="001" Sync="TRUE"></TopoLevCd></topLvl></VectSpatRep></spatRepInfo><spdoinfo><ptvctinf><esriterm Name="LSD"><efeatyp Sync="TRUE">Simple</efeatyp><efeageom code="4" Sync="TRUE"></efeageom><esritopo Sync="TRUE">FALSE</esritopo><efeacnt Sync="TRUE">0</efeacnt><spindex Sync="TRUE">FALSE</spindex><linrefer Sync="TRUE">TRUE</linrefer></esriterm></ptvctinf></spdoinfo><eainfo><detailed Name="LSD"><enttyp><enttypl Sync="TRUE">LSD</enttypl><enttypt Sync="TRUE">Feature Class</enttypt><enttypc Sync="TRUE">0</enttypc></enttyp><attr><attrlabl Sync="TRUE">FID</attrlabl><attalias Sync="TRUE">FID</attalias><attrtype Sync="TRUE">OID</attrtype><attwidth Sync="TRUE">4</attwidth><atprecis Sync="TRUE">0</atprecis><attscale Sync="TRUE">0</attscale><attrdef Sync="TRUE">Internal feature number.</attrdef><attrdefs Sync="TRUE">Esri</attrdefs><attrdomv><udom Sync="TRUE">Sequential unique whole numbers that are automatically generated.</udom></attrdomv></attr><attr><attrlabl Sync="TRUE">Shape</attrlabl><attalias Sync="TRUE">Shape</attalias><attrtype Sync="TRUE">Geometry</attrtype><attwidth Sync="TRUE">0</attwidth><atprecis Sync="TRUE">0</atprecis><attscale Sync="TRUE">0</attscale><attrdef Sync="TRUE">Feature geometry.</attrdef><attrdefs Sync="TRUE">Esri</attrdefs><attrdomv><udom Sync="TRUE">Coordinates defining the features.</udom></attrdomv></attr><attr><attrlabl Sync="TRUE">Hutan</attrlabl><attalias Sync="TRUE">HUTAN</attalias><attrtype Sync="TRUE">String</attrtype><attwidth Sync="TRUE">50</attwidth><atprecis Sync="TRUE">0</atprecis><attscale Sync="TRUE">0</attscale></attr><attr><attrlabl Sync="TRUE">LSD</attrlabl><attalias Sync="TRUE">LSD</attalias><attrtype Sync="TRUE">String</attrtype><attwidth Sync="TRUE">100</attwidth><atprecis Sync="TRUE">0</atprecis><attscale Sync="TRUE">0</attscale></attr><attr><attrlabl Sync="TRUE">PROVINSI</attrlabl><attalias Sync="TRUE">PROVINSI</attalias><attrtype Sync="TRUE">String</attrtype><attwidth Sync="TRUE">50</attwidth><atprecis Sync="TRUE">0</atprecis><attscale Sync="TRUE">0</attscale></attr><attr><attrlabl Sync="TRUE">KABUPATEN</attrlabl><attalias Sync="TRUE">KABUPATEN</attalias><attrtype Sync="TRUE">String</attrtype><attwidth Sync="TRUE">50</attwidth><atprecis Sync="TRUE">0</atprecis><attscale Sync="TRUE">0</attscale></attr><attr><attrlabl Sync="TRUE">LUAS</attrlabl><attalias Sync="TRUE">LUAS</attalias><attrtype Sync="TRUE">Double</attrtype><attwidth Sync="TRUE">19</attwidth><atprecis Sync="TRUE">0</atprecis><attscale Sync="TRUE">0</attscale></attr><attr><attrlabl Sync="TRUE">Shape_Leng</attrlabl><attalias Sync="TRUE">Shape_Leng</attalias><attrtype Sync="TRUE">Double</attrtype><attwidth Sync="TRUE">19</attwidth><atprecis Sync="TRUE">0</atprecis><attscale Sync="TRUE">0</attscale></attr><attr><attrlabl Sync="TRUE">CETAKSWH</attrlabl><attalias Sync="TRUE">CETAKSWH</attalias><attrtype Sync="TRUE">String</attrtype><attwidth Sync="TRUE">50</attwidth><atprecis Sync="TRUE">0</atprecis><attscale Sync="TRUE">0</attscale></attr><attr><attrlabl Sync="TRUE">METADATA</attrlabl><attalias Sync="TRUE">METADATA</attalias><attrtype Sync="TRUE">String</attrtype><attwidth Sync="TRUE">50</attwidth><atprecis Sync="TRUE">0</atprecis><attscale Sync="TRUE">0</attscale></attr></detailed></eainfo><mdDateSt Sync="TRUE">20251107</mdDateSt><mdChar><CharSetCd value="004" Sync="TRUE"></CharSetCd></mdChar></metadata>
